x_m,delta_star_m,momentum_thickness_m,shape_factor,skin_friction_coefficient,wall_shear_stress_Pa,wall_temperature_K,effective_radius_m,Re_s,mu_edge_Pa_s,Mach_effective
0.0,3.254549934074023e-05,2.3353752846499976e-05,1.393587555484378,0.12726005181283806,540.0844896612423,3303.198881906889,0.05996745450065926,1.5559008750856675,9.860553001571977e-05,0.04918640850477515
0.00023594251073635886,3.912984391119666e-05,2.628815883766192e-05,1.4884969370748402,0.11386324587781793,492.41464089124247,3303.1960882915964,0.05967968482127304,576.5230011264741,9.860527040227863e-05,0.04966299942628158
0.00047188502147272465,4.5714188481653174e-05,2.9222564828823896e-05,1.5643455237222244,0.10091295698613173,444.7447921212421,3303.1932279296584,0.05939191514188682,1164.02399197957,9.86050045467999e-05,0.05014657143172473
0.0007078275322090835,5.229853305210942e-05,3.215697081998576e-05,1.6263513545749015,0.08840012425383377,397.07494335124363,3303.1902988935694,0.05910414546250062,1762.7387642457415,9.860473226826322e-05,0.050637262107885474
0.0009437700429454493,5.8882877622565925e-05,3.5091376811147734e-05,1.6779871003482592,0.07631579870098916,349.4050945812433,3303.1872991903756,0.0588163757831144,2372.9091398786227,9.860445337948174e-05,0.051135212466064284
0.0011797125536818082,6.546722219302216e-05,3.802578280230959e-05,1.7216535037129033,0.06465114260371338,301.7352458112449,3303.184226759128,0.0585286061037282,2994.7831526541704,9.860416768686412e-05,0.05164056705035816
0.001415655064418174,7.205156676347868e-05,4.096018879347157e-05,1.7590633462842487,0.053397428822840404,254.06539704124447,3303.181079468196,0.058240836424341975,3628.615236275934,9.860387499015867e-05,0.052153474039744865
0.0016515975751545328,7.86359113339351e-05,4.3894594784633516e-05,1.791471403706037,0.04254604014785333,206.3955482712447,3303.177855112476,0.05795306674495576,4274.666418947817,9.860357508219126e-05,0.052674085362629484
0.0018875400858908917,8.522025590439135e-05,4.682900077579537e-05,1.8198179438507125,0.0320884686363699,158.72569950124625,3303.1745514104764,0.057665297065569554,4933.204524835389,9.860326774858888e-05,0.053202556811255734
0.0021234825966272575,9.180460047484785e-05,4.9763406766957354e-05,1.8448214549451956,0.02201631495390649,111.05585073124587,3303.171166001256,0.05737752738618333,5604.504382659666,9.860295276749188e-05,0.05373904816125549
0.0023594251073636163,9.838894504530428e-05,5.26978127581193e-05,1.8670403930596764,0.012321287713776193,63.38600196124603,3303.16769644125,0.05708975770679712,6288.8480417115,9.860262990925227e-05,0.054283723295558764
0.002595367618099982,9.881685481764439e-05,5.3120878140161606e-05,1.860226304183302,0.012263761005440481,64.34928064425769,3303.16414020092,0.05680814446220902,6986.524995588045,9.860229893611962e-05,0.054824826667054356
0.002831310128836341,9.924476458998448e-05,5.354394352220389e-05,1.8535198952768417,0.012202566744530931,65.3125593272693,3303.160494661277,0.056526531217620926,7697.832413966506,9.860195960190998e-05,0.05537408992606125
0.0030672526395727068,9.96726743623246e-05,5.3967008904246196e-05,1.8469186339227004,0.012137830179925469,66.27583801028096,3303.1567571102273,0.056244917973032826,8423.075382744799,9.86016116516628e-05,0.05593167880906996
0.0033031951503090656,0.0001001005841346647,5.43900742862885e-05,1.8404200664954713,0.01206967461150988,67.23911669329262,3303.152924738754,0.05596330472844473,9162.56715289393,9.860125482127903e-05,0.05649776331197499
0.0035391376610454245,0.0001005284939070048,5.4813139668330787e-05,1.8340218151212166,0.011998221403492553,68.20239537630422,3303.148994636926,0.055681691483856634,9916.629398383362,9.860088883714429e-05,0.05707251782335811
0.0037750801717817903,0.0001009564036793449,5.523620505037309e-05,1.8277215747764881,0.01192358999771825,69.16567405931589,3303.144963789708,0.055400078239268534,10685.592483556606,9.860051341573309e-05,0.05765612126271932
0.004011022682518149,0.000101384313451685,5.565927043241538e-05,1.821517110519649,0.011845897926817575,70.1289527423275,3303.1408290725853,0.05511846499468045,11469.795740431278,9.860012826319488e-05,0.058248757223388875
0.004246965193254515,0.00010181222322402511,5.6082335814457686e-05,1.8154062548475118,0.011765260828297182,71.09223142533916,3303.1365872469837,0.05483685175009235,12269.587755805329,9.859973307492151e-05,0.058850614123831135
0.004482907703990874,0.00010224013299636522,5.650540119649999e-05,1.8093869051707236,0.011681792456369142,72.0555101083508,3303.1322349554393,0.05455523850550424,13085.32667014323,9.859932753509075e-05,0.059461885356748456
0.004718850214727233,0.00010266804276870531,5.692846657854227e-05,1.8034570214017218,0.01159560469661244,73.01878879136243,3303.1277687165875,0.054273625260916156,13917.380486255062,9.859891131619222e-05,0.06008276945508353
0.0049547927254635984,0.00010309595254104542,5.735153196058458e-05,1.797614623649446,0.011506807578715,73.98206747437408,3303.1231849198716,0.053992012016328056,14766.12739051068,9.859848407852765e-05,0.06071347025519987
0.005190735236199957,0.00010315131495616708,5.7529543292779564e-05,1.7930146678065741,0.011481541783925514,75.37886410229542,3303.1184798200075,0.05371077131909717,15631.956085889717,9.859804546968679e-05,0.06135334247025773
0.005426677746936323,0.00010320667737128873,5.7707554624974556e-05,1.7884430910649463,0.011451135102498846,76.7756607302168,3303.113649531182,0.05342953062186629,16515.266137698083,9.859759512399989e-05,0.06200342829854059
0.005662620257672682,0.00010326203978641039,5.788556595716954e-05,1.7838996316079145,0.011415756561427157,78.17245735813812,3303.1086900209616,0.05314828992463542,17416.468332477965,9.859713266196056e-05,0.06266394766594358
0.005898562768409041,0.00010331740220153205,5.8063577289364535e-05,1.7793840308295408,0.011375572481906463,79.56925398605946,3303.1035971039046,0.05286704922740453,18335.985050587948,9.859665768962307e-05,0.06333512650327339
0.006134505279145407,0.00010337276461665371,5.824158862155952e-05,1.774896033285531,0.01133074649787712,80.96605061398084,3303.098366434839,0.05258580853017365,19274.25065387581,9.859616979796496e-05,0.06401719694462704
0.0063704477898817655,0.00010342812703177536,5.841959995375451e-05,1.7704353866450646,0.011281439576841348,82.36284724190216,3303.0929935018544,0.05230456783294278,20231.71188652534,9.859566856222547e-05,0.06471039753870579
0.006606390300618131,0.00010348348944689702,5.85976112859495e-05,1.7660018416435044,0.011227810037612897,83.75964386982352,3303.0874736188694,0.0520233271357119,21208.828294048177,9.859515354120185e-05,0.06541497346202926
0.00684233281135449,0.00010353885186201868,5.8775622618144486e-05,1.761595152035964,0.011170013570368589,85.15644049774484,3303.0818019178873,0.05174208643848103,22206.07265679651,9.859462427651682e-05,0.06613117674559524
0.007078275322090856,0.00010359421427714033,5.895363395033948e-05,1.7572150745517154,0.011108203255771595,86.55323712566621,3303.075973340818,0.05146084574125014,23223.931441332657,9.859408029184575e-05,0.06685926650876615
0.007314217832827215,0.00010364957669226199,5.9131645282534465e-05,1.7528613688494248,0.011042529584241139,87.95003375358756,3303.069982630909,0.051179605044019263,24262.90526956309,9.859352109210383e-05,0.06759950920302478
0.007550160343563581,0.00010345747854533663,5.913940279662707e-05,1.7493832141172243,0.011030358504317684,89.81271792974783,3303.0638243237217,0.050898611807350426,25323.509406207337,9.859294616259475e-05,0.06835151085996156
0.007786102854299939,0.00010326538039841127,5.914716031071968e-05,1.7459059717478222,0.011012106704987862,91.67540210590802,3303.0574927376156,0.0506176185706816,26406.274267355115,9.859235496810837e-05,0.06911619876175584
0.008022045365036298,0.0001030732822514859,5.9154917824812276e-05,1.7424296413822802,0.010987979214984235,93.53808628206826,3303.0509819638132,0.050336625334012765,27511.745946374474,9.859174695198122e-05,0.0698938621434563
0.008257987875772664,0.00010288118410456054,5.916267533890488e-05,1.7389542226618466,0.010958177630138784,95.40077045822854,3303.044285855853,0.050055632097343934,28640.48676467629,9.85911215350982e-05,0.07068479862369947
0.008493930386509023,0.0001026890859576352,5.917043285299749e-05,1.7354797152279597,0.010922900139685776,97.26345463438872,3303.037398018543,0.04977463886067511,29793.075842586106,9.85904781148472e-05,0.07148931449992649
0.008729872897245389,0.00010249698781070983,5.9178190367090094e-05,1.7320061187222444,0.010882341551853423,99.12613881054898,3303.030311796314,0.04949364562400627,30970.109694442333,9.858981606401602e-05,0.07230772505883845
0.008965815407981748,0.00010230488966378447,5.91859478811827e-05,1.7285334327865145,0.010836693319558336,100.98882298670922,3303.0230202609437,0.049212652387337436,32172.20284809026,9.858913472963026e-05,0.07314035489968286
0.009201757918718106,0.00010211279151685911,5.919370539527531e-05,1.725061657062771,0.01078614356609663,102.85150716286941,3303.0155161986295,0.04893165915066861,33399.98849005036,9.858843343173039e-05,0.0739875382714444
0.009437700429454472,0.00010192069336993375,5.9201462909367906e-05,1.721590791193203,0.010730877110831573,104.71419133902968,3303.0077920963563,0.048650665913999774,34654.119137580805,9.858771146207989e-05,0.0748496194246432
0.009673642940190831,0.0001017285952230084,5.920922042346051e-05,1.7181208348201864,0.010671075494877584,106.57687551518987,3302.9998401275257,0.04836967267733096,35935.26733891696,9.858696808280471e-05,0.07572695297848162
0.009909585450927197,0.00010153649707608302,5.921697793755312e-05,1.7146517875862846,0.010606917006780561,108.4395596913502,3302.9916521367913,0.048088679440662106,37244.126403043396,9.858620252495744e-05,0.07661990430413244
0.010145527961663556,0.00010115612214288656,5.909261369772474e-05,1.7118234549639053,0.010606930469382563,111.01767000564529,3302.98321962406,0.047807874480779555,38581.41116042295,9.858541398700168e-05,0.07752823528608041
0.010381470472399915,0.0001007757472096901,5.896824945789637e-05,1.7089831924151742,0.010599740778290366,113.59578031994036,3302.974533727608,0.047527069520897004,39947.85875619148,9.858460163321302e-05,0.0784529264416822
0.01061741298313628,0.00010039537227649363,5.884388521806799e-05,1.706130924299799,0.010585600802957179,116.17389063423553,3302.9655852062397,0.04724626456101444,41344.22947740396,9.858376459198875e-05,0.07939437705579473
0.010853355493872646,0.00010001499734329715,5.871952097823961e-05,1.7032665743366826,0.010564758938209925,118.7520009485307,3302.956364420451,0.046965459601131875,42771.307616007434,9.858290195406444e-05,0.08035299884325002
0.011089298004609005,9.963462241010067e-05,5.8595156738411235e-05,1.7003900655971211,0.010537459139779739,121.33011126282587,3302.9468613125237,0.0466846546412493,44229.902369313735,9.858201277062607e-05,0.08132921642478508
0.011325240515345364,9.925424747690421e-05,5.847079249858286e-05,1.6975013204979188,0.0105039409598269,123.90822157712094,3302.937065385475,0.04640384968136675,45720.84877983712,9.858109605131703e-05,0.08232346782485779
0.01156118302608173,9.887387254370774e-05,5.834642825875448e-05,1.694600260794411,0.010464439582459958,126.48633189141611,3302.926965680799,0.04612304472148419,47245.008716473865,9.858015076212832e-05,0.08333620499253823
0.011797125536818089,9.849349761051128e-05,5.8222064018926105e-05,1.6916868075734008,0.010419185859252453,129.06444220571126,3302.916550754918,0.04584223976160162,48803.27189910061,9.857917582316727e-05,0.08436789434672273
0.012033068047554454,9.81131226773148e-05,5.809769977909773e-05,1.688760881246003,0.010368406344746743,131.64255252000643,3302.905808654259,0.04556143480171906,50396.55696882145,9.85781701062946e-05,0.0854190173470582
0.012269010558290813,9.773274774411834e-05,5.797333553926935e-05,1.6858224015403975,0.010312323331958882,134.22066283430152,3302.894726888856,0.045280629841836506,52025.81260616384,9.857713243262292e-05,0.08649007109195071
0.012504953069027172,9.735237281092186e-05,5.7848971299440975e-05,1.6828712874944871,0.010251154887874103,136.79877314859667,3302.883292404401,0.04499982488195394,53692.018699714434,9.857606156986737e-05,0.08758156894522341
0.012740895579763538,9.683763403244483e-05,5.762793128526194e-05,1.6803940705955998,0.010258851121532667,140.38591737263383,3302.871491552617,0.044719154285916655,55396.18756779857,9.857495622953615e-05,0.08869350364107498
0.012976838090499897,9.63228952539678e-05,5.7406891271082916e-05,1.677897777099937,0.010258202091065084,143.97306159667085,3302.8593100598464,0.044438483689879384,57139.36523596827,9.857381506395291e-05,0.08982693976601758
0.013212780601236263,9.580815647549076e-05,5.718585125690388e-05,1.6753821857976474,0.010249517176612915,147.560205820708,3302.8467329937407,0.044157813093842105,58922.63277322869,9.857263666309882e-05,0.09098244272540834
0.013448723111972621,9.529341769701373e-05,5.696481124272485e-05,1.6728470720454454,0.010233099928212551,151.14735004474502,3302.8337447279123,0.04387714249780483,60747.107690104815,9.857141955125907e-05,0.09216059697987901
0.01368466562270898,9.47786789185367e-05,5.674377122854582e-05,1.6702922076997386,0.010209248115157457,154.73449426878216,3302.820328904414,0.04359647190176755,62613.9454018394,9.857016218346574e-05,0.09336200683986204
0.013920608133445346,9.426394014005966e-05,5.6522731214366785e-05,1.6677173610481852,0.010178253775351394,158.32163849281932,3302.8064683938806,0.04331580130573026,64524.34076020635,9.856886294171638e-05,0.09458729730016559
0.014156550644181705,9.374920136158264e-05,5.630169120018776e-05,1.6651222967396404,0.010140403264651179,161.90878271685634,3302.792145253185,0.04303513070969299,66479.52965764205,9.85675201309582e-05,0.09583711491700246
0.01439249315491807,9.323446258310559e-05,5.608065118600872e-05,1.6625067757124439,0.010095977306198848,165.4959269408935,3302.777340680421,0.042754460113655704,68480.7907076202,9.856613197481724e-05,0.09711212873004026
0.01462843566565443,9.271972380462856e-05,5.5859611171829686e-05,1.6598705551210071,0.01004525103974303,169.08307116493063,3302.7620349670274,0.042473789517618425,70529.44700543799,9.856469661105564e-05,0.09841303123222386
0.014864378176390788,9.220498502615153e-05,5.563857115765066e-05,1.6572133882606501,0.009988494070949216,172.67021538896765,3302.746207446838,0.04219311892158115,72626.86797383976,9.856321208673806e-05,0.09974053939031999
0.015100320687127154,9.162771175573575e-05,5.5360365619344e-05,1.6551139200518434,0.010004138234831043,177.6453986839859,3302.729836441843,0.041912510860035807,74774.47129818719,9.856167635308402e-05,0.1010950906770586
0.01533626319786352,9.105043848531997e-05,5.5082160081037346e-05,1.6529932441168935,0.010010106133226875,182.62058197900416,3302.7128992044168,0.04163190279849046,76973.72495592793,9.856008725998603e-05,0.10247774662408748
0.015572205708599879,9.047316521490419e-05,5.480395454273069e-05,1.650851037480556,0.010006776326320707,187.59576527402234,3302.695371855724,0.04135129473694511,79226.1493473453,9.85584425501625e-05,0.10388930375773504
0.015808148219336238,8.989589194448843e-05,5.4525749004424046e-05,1.6486869705759488,0.009994519788723115,192.5709485690404,3302.6772293201007,0.04107068667539978,81533.31952843166,9.855673985292974e-05,0.10533058770590852
0.016044090730072597,8.931861867407268e-05,5.4247543466117396e-05,1.646500707075527,0.009973699977269924,197.54613186405845,3302.6584452549732,0.04079007861385445,83896.86755958124,9.855497667754885e-05,0.10680245452623092
0.016280033240808962,8.87413454036569e-05,5.396933792781074e-05,1.644291903716831,0.009944672899564648,202.52131515907672,3302.638991976099,0.0405094705523091,86318.4849693437,9.855315040612785e-05,0.10830579210326706
0.016515975751545328,8.816407213324112e-05,5.369113238950408e-05,1.642060210122818,0.009907787182249517,207.49649845409496,3302.618840377693,0.04022886249076376,88799.92534392976,9.855125828603717e-05,0.10984152162558479
0.016751918262281687,8.758679886282534e-05,5.341292685119743e-05,1.639805268616576,0.009863384139274744,212.47168174911317,3302.597959847081,0.03994825442921841,91343.00704873336,9.854929742180604e-05,0.1114105991463596
0.01698786077301805,8.700952559240955e-05,5.3134721312890774e-05,1.6375267140302205,0.009811797840148979,217.4468650441314,3302.5763181734246,0.039667646367673066,93949.61608970669,9.854726476645231e-05,0.11301401723329743
0.01722380328375441,8.64322523219938e-05,5.2856515774584124e-05,1.6352241735077524,0.009753355178166775,222.4220483391495,3302.55388145006,0.039387038306127733,96621.70912288995,9.854515711220771e-05,0.11465280671404154
0.01745974579449077,8.585497905157802e-05,5.257831023627747e-05,1.6328972663016592,0.009688375938610145,227.39723163416772,3302.530613969941,0.03910643024458239,99361.31662096456,9.854297108058497e-05,0.1163280385237048
0.017695688305227133,8.520984908423295e-05,5.224087385591817e-05,1.6310954008779441,0.0097093427502672,234.5994455416724,3302.5064781136175,0.03882589003973398,102170.54620637446,9.854070311173524e-05,0.11804040675174862
0.017931630815963495,8.456471911688786e-05,5.1903437475558865e-05,1.6292701067575548,0.00971908019488257,241.8016594491773,3302.4814342291543,0.03854534983488557,105051.5861605161,9.853834945303927e-05,0.11979146843527917
0.018167573326699857,8.391958914954278e-05,5.1566001095199554e-05,1.6274209240040358,0.009718059358710432,249.00387335668216,3302.4554405032995,0.03826480963003715,108006.70912165515,9.85359061468642e-05,0.12158242615986611
0.01840351583743622,8.327445918219769e-05,5.122856471484025e-05,1.625547380562746,0.009706741153436838,256.20608726418703,3302.428452823199,0.03798426942518873,111038.27598047479,9.853336901742228e-05,0.12341453113407709
0.018639458348172582,8.262932921485263e-05,5.089112833448095e-05,1.6236489918591108,0.009685576415020032,263.40830117169173,3302.4004246278755,0.037703729220340335,114148.73998605782,9.853073365665444e-05,0.12528908566757468
0.018875400858908944,8.198419924750754e-05,5.055369195412165e-05,1.6217252603807772,0.009655006001600361,270.6105150791966,3302.371306748474,0.037423189015491916,117340.65108158544,9.852799540904322e-05,0.12720744579880788
0.019111343369645303,8.133906928016249e-05,5.021625557376235e-05,1.6197756752429306,0.00961546089264235,277.81272898670125,3302.3410472365367,0.03714264881064351,120616.66047161257,9.852514935528752e-05,0.12917102409660308
0.019347285880381666,8.06939393128174e-05,4.9878819193403046e-05,1.6177997117359575,0.00956736228704445,285.0149428942061,3302.30959117902,0.0368621086057951,123979.52544905532,9.852219029471442e-05,0.13118129263667164
0.019583228391118028,8.00488093454723e-05,4.9541382813043735e-05,1.615796830854634,0.00951112170157148,292.217156801711,3302.2768804990374,0.03658156840094668,127432.11449055273,9.851911272633019e-05,0.1332397861741383
0.01981917090185439,7.940367937812723e-05,4.920394643268443e-05,1.6137664788079313,0.009447141069272049,299.41937070921585,3302.242853741006,0.03630102819609826,130977.41263956101,9.851591082838705e-05,0.1353481055251935
0.020055113412590753,7.874583868286731e-05,4.884309644225443e-05,1.6122204450318973,0.00947941918211719,310.00987128319116,3302.207445838735,0.03602050070197778,134618.52720009224,9.851257843632481e-05,0.13750782210331186
0.020291055923327115,7.808799798760739e-05,4.8482246451824424e-05,1.610651397211997,0.009498286632388324,320.60037185716664,3302.170587865074,0.035739973207857274,138358.69375003403,9.850910901895317e-05,0.13972077407773384
0.020526998434063474,7.743015729234748e-05,4.8121396461394424e-05,1.6090588176190215,0.009504342358762276,331.1908724311418,3302.132206761125,0.035459445713736784,142201.28251345654,9.850549565269031e-05,0.14198878283646257
0.020762940944799836,7.677231659708754e-05,4.776054647096442e-05,1.6074421728771584,0.009498171399576523,341.7813730051174,3302.0922250433837,0.03517891821961629,146149.80509894862,9.850173099369419e-05,0.1443137517931239
0.0209988834555362,7.611447590182761e-05,4.7399696480534404e-05,1.6058009133684112,0.009480345036924687,352.371873579093,3302.050560486554,0.03489839072549578,150207.92163893985,9.849780724767672e-05,0.1466976710999638
0.02123482596627256,7.545663520656767e-05,4.70388464901044e-05,1.6041344726096025,0.009451420940671371,362.9623741530686,3302.007125779731,0.03461786323137528,154379.44835436845,9.84937161371793e-05,0.1491426226992711
0.021470768477008923,7.479879451130776e-05,4.66779964996744e-05,1.6024422666004854,0.009411943312311617,373.5528747270438,3301.9618281533762,0.034337335737254795,158668.3655747349,9.84894488660614e-05,0.15165078574235602
0.021706710987745285,7.414095381604784e-05,4.631714650924439e-05,1.6007236931413753,0.00936244302865947,384.1433753010194,3301.914568974179,0.03405680824313429,163078.82624554777,9.848499608092845e-05,0.1542244424088276
0.021942653498481644,7.348311312078791e-05,4.5956296518814383e-05,1.5989781311186406,0.009303437785349564,394.73387587499474,3301.865243304579,0.033776280749013794,167615.1649577758,9.848034782918778e-05,0.15686598416239944
0.022178596009218007,7.2825272425528e-05,4.5595446528384383e-05,1.597204939756261,0.00923543224013314,405.32437644897016,3301.813739423395,0.033495753254893304,172281.90753677156,9.847549351339382e-05,0.1595779184834062
0.02241453851995437,7.216743173026806e-05,4.523459653795437e-05,1.5954034578315632,0.009158918155947427,415.91487702294575,3301.759938303505,0.0332152257607728,177083.7812312626,9.847042184149671e-05,0.16236287612264827
0.02265048103069073,7.14900799330442e-05,4.484732756466101e-05,1.5940767001103822,0.009205758459506452,432.6805631522628,3301.7037130421213,0.032934717777754266,182025.72554644145,9.846512077256527e-05,0.16522341721926515
0.022886423541427094,7.081272813582034e-05,4.446005859136765e-05,1.592726828964848,0.009236066448138616,449.4462492815798,3301.6449282386034,0.03265420979473574,187112.90376895474,9.84595774575038e-05,0.16816263371775828
0.023122366052163456,7.013537633859647e-05,4.407278961807429e-05,1.5913532350998243,0.009250638400334629,466.2119354108971,3301.583439314167,0.0323737018117172,192350.71523568273,9.845377817422146e-05,0.17118357504356593
0.02335830856289982,6.94580245413726e-05,4.368552064478092e-05,1.5899552876147465,0.009250250426151551,482.9776215402145,3301.519091767118,0.032093193828698664,197744.8084029772,9.844770825664443e-05,0.174289449158579
0.023594251073636177,6.878067274414875e-05,4.329825167148757e-05,1.5885323330374022,0.009235658692183832,499.7433076695312,3301.4517203564246,0.03181268584568014,203301.09477769872,9.84413520168865e-05,0.17748363328834563
0.02383019358437254,6.810332094692487e-05,4.29109826981942e-05,1.5870836943053934,0.009207599645950837,516.5089937988486,3301.381148205552,0.0315321778626616,209025.76377734123,9.843469265980104e-05,0.1807696855707217
0.024066136095108902,6.742596914970101e-05,4.252371372490084e-05,1.5856086696919423,0.009166790239638997,533.2746799281656,3301.3071858173444,0.03125166987964307,214925.29859247312,9.842771218903619e-05,0.1841513577239155
0.024302078605845264,6.674861735247714e-05,4.213644475160748e-05,1.5841065316724596,0.009113928153120966,550.040366057483,3301.229629989562,0.030971161896624536,221006.4931316283,9.842039130359597e-05,0.18763260884453747
0.024538021116581626,6.607126555525327e-05,4.1749175778314115e-05,1.5825765257280322,0.009049692016162071,566.8060521868002,3301.1482626192487,0.030690653913606,227276.47013637974,9.841270928377716e-05,0.19121762046077043
0.02477396362731799,6.53939137580294e-05,4.136190680502075e-05,1.581017869081691,0.008974741629713411,583.5717383161176,3301.062849382407,0.030410145930587468,233742.7005627702,9.84046438651855e-05,0.19491081298254534
0.025009906138054348,6.471656196080553e-05,4.097463783172739e-05,1.5794297493630158,0.008889718186173526,600.3374244454346,3300.973138273605,0.030129637947568934,240413.02433472167,9.839617109935974e-05,0.1987168637100367
0.02524584864879071,6.401763120787765e-05,4.056074415382084e-05,1.5783150073652474,0.008949053860252774,627.8948789989203,3300.878857987846,0.02984915154350611,247295.6725855754,9.838726519930993e-05,0.20264042001649796
0.025481791159527072,6.331870045494977e-05,4.014685047591428e-05,1.5771772805176143,0.008987889392837437,655.4523335524065,3300.7797161244325,0.029568665139443277,254399.29151619005,9.837789836802831e-05,0.2066870213997953
0.025717733670263435,6.261976970202188e-05,3.9732956798007724e-05,1.5760158505284394,0.00900730144630944,683.0097881058927,3300.675397189563,0.02928817873538045,261732.968007685,9.836804060774368e-05,0.21086224105914503
0.025953676180999797,6.192083894909398e-05,3.931906312010117e-05,1.5748299688615435,0.009008336504811093,710.5672426593788,3300.565560370512,0.029007692331317617,269306.25715475867,9.835765950731388e-05,0.215172000691729
0.02618961869173616,6.122190819616609e-05,3.890516944219461e-05,1.573618855127459,0.00899201122866095,738.1246972128649,3300.4498370505303,0.028727205927254786,277129.211876064,9.83467200048024e-05,0.21962259963489686
0.026425561202472518,6.052297744323822e-05,3.849127576428807e-05,1.572381695370851,0.008959312805104962,765.6821517663507,3300.3278280278587,0.02844671952319196,285212.4148112047,9.833518412172106e-05,0.22422074717228432
0.02666150371320888,5.982404669031034e-05,3.807738208638152e-05,1.5711176402462441,0.00891119929572131,793.2396063198363,3300.199100396805,0.028166233119129132,293567.0127074181,9.83230106649103e-05,0.22897359842578618
0.026897446223945243,5.912511593738245e-05,3.766348840847496e-05,1.5698258030734678,0.008848599979637101,820.7970608733224,3300.063184041355,0.027885746715066304,302204.7535389291,9.831015489130112e-05,0.23388879433696294
0.027133388734681605,5.8426185184454555e-05,3.7249594730568404e-05,1.5685052577634584,0.008772415691953046,848.3545154268086,3299.919567683291,0.027605260311003472,311138.0266256921,9.829656812998996e-05,0.23897450632320083
0.027369331245417967,5.772725443152667e-05,3.683570105266185e-05,1.5671550366042277,0.00868351915661157,875.9119699802948,3299.767694416374,0.027324773906940644,320379.9060515016,9.828219735505323e-05,0.2442394862966735
0.02760527375615433,5.704563046442989e-05,3.6423718001595706e-05,1.5661671458671722,0.008734927197037197,919.4878987563593,3299.6069566456076,0.02704427019609198,329944.1977202225,9.826698470132863e-05,0.24969346543480353
0.027841216266890692,5.636400649733312e-05,3.6011734950529564e-05,1.5651566517070643,0.008762429587737108,963.0638275324238,3299.4366903353466,0.02676376648524332,339845.49043103936,9.825086691391198e-05,0.255346214965495
0.02807715877762705,5.568238253023637e-05,3.5599751899463436e-05,1.5641227693801882,0.008767411058625435,1006.6397563084867,3299.2561684513053,0.026483262774394663,350099.2114072754,9.82337747203296e-05,0.2612085972332652
0.028244014844565235,5.520318210076127e-05,3.531011646330318e-05,1.563381479019827,0.008759299063104697,1037.274834874176,3299.123262191149,0.02628688909064812,357504.9797924845,9.822118804129194e-05,0.26544368802955537
0.02841087091150342,5.4729490221470924e-05,3.5023810471853814e-05,1.5626366601501909,0.008743733088478084,1067.5577541818325,3298.9874536074867,0.026094414944648613,364963.0932188491,9.820832342521266e-05,0.26970405818129445
0.028577726978441603,5.426107681945207e-05,3.474069486583141e-05,1.5618880689925287,0.008721444809428944,1097.5032226944288,3298.848688706638,0.02590570945188374,372473.8858349388,9.819517561605575e-05,0.273990273847815
0.028744583045379787,5.37977263329056e-05,3.446063935667221e-05,1.5611354675138776,0.008693099030997017,1127.1250211856157,3298.7069133182813,0.025720649916703062,380037.6227060149,9.818173933597245e-05,0.27830286862111153
0.02891143911231797,5.333923645437311e-05,3.418352166692122e-05,1.560378622603666,0.008659300525313343,1156.4360830847077,3298.5620730772685,0.025539121133453663,387654.50307573273,9.816800928349892e-05,0.2826423461566097
0.029078295179256156,5.288541701020236e-05,3.390922685296545e-05,1.5596173053287232,0.008620600060266879,1185.4485661119807,3298.414113408769,0.025361014762875347,395324.6632061046,9.815398013206354e-05,0.28700918250498375
0.02924515124619434,5.243608895863058e-05,3.3637646699461455e-05,1.5588512902559883,0.008577499729985236,1214.1739163307766,3298.2629795163043,0.02518622877406608,403048.17885404255,9.813964652876449e-05,0.2914038281851936
0.029412007313132524,5.199108349149557e-05,3.336867917639698e-05,1.5580803548337916,0.008530457680132376,1242.6229255747273,3298.108616372365,0.02501466694377047,410825.0674325288,9.812500309338757e-05,0.29582671003178845
0.029578863380070708,5.1638121375253045e-05,3.314585664384575e-05,1.5579057717562652,0.008532053096026357,1278.6226550265897,3297.9509687113195,0.024846150525795422,418655.2898976378,9.811004441763593e-05,0.3002805848480999
0.029745719447008892,5.128837189826957e-05,3.292506222814598e-05,1.5577304468820632,0.0085271562590063,1314.2947171769763,3297.789981024379,0.024680682285130186,426538.75239676837,9.809476506455531e-05,0.30476358057813907
0.029912575513947076,5.094172085351698e-05,3.2706223831193965e-05,1.5575543393955094,0.008516331576743672,1349.650760364127,3297.625597556428,0.024518180862128962,434475.30770857394,9.807915956812805e-05,0.30927606492356124
0.03007943158088526,5.059805999593903e-05,3.248927311863752e-05,1.5573774091890462,0.0085000984083152,1384.701824845791,3297.4577623045275,0.024358569149814574,442464.75650091807,9.806322243302642e-05,0.3138183876369284
0.030246287647823444,5.02572866103028e-05,3.2274145247063484e-05,1.5571996167698832,0.00847893502676582,1419.45838687544,3297.286419017946,0.02420177399176575,450506.8484297483,9.804694813450693e-05,0.3183908815960505
0.03041314371476163,4.991930311833612e-05,3.206077861598634e-05,1.5570209231738696,0.008453282182488081,1453.9303987715725,3297.111511199605,0.024047725907268152,458601.28309882735,9.803033111843604e-05,0.3229938637728542
0.030579999781699813,4.9584016720872576e-05,3.184911464193687e-05,1.556841289885764,0.008423546313559533,1488.1273254164803,3296.9329821087995,0.02389635884077659,466747.7108977647,9.801336580143425e-05,0.32762763610844337
0.030746855848637997,4.925133907126561e-05,3.163909755229068e-05,1.5566606787651502,0.008390102443119163,1522.0581775657893,3296.7507747651084,0.023747609933107212,474945.733733943,9.799604657113194e-05,0.3322924863047031
0.03091371191557618,4.892118597679544e-05,3.1430674196768524e-05,1.5564790519773568,0.00835329679877192,1555.7315423029124,3296.5648319534466,0.02360141931209648,483194.90567024244,9.797836778653067e-05,0.336988688540088
0.031080567982514365,4.8593477125191e-05,3.122379387479147e-05,1.5562963719288112,0.008313449184383898,1589.1556109319495,3296.3750962300683,0.02345772990073764,491494.73348447157,9.796032377845365e-05,0.3417165041204245
0.03124742404945255,4.835457937446663e-05,3.106775523848636e-05,1.5564233399961114,0.008302350264622789,1628.5160129601863,3296.181509929611,0.023316400797500716,499844.67715592857,9.794190885009153e-05,0.3464791305130934
0.03141428011639073,4.811736630838035e-05,3.091281697207899e-05,1.556550680963201,0.008286971401902241,1667.5988491074327,3295.984015173009,0.02317746705458283,508244.15029233956,9.792311727763192e-05,0.3512739772605825
0.03158113618332892,4.788178645483472e-05,3.0758945456015086e-05,1.556678414846994,0.008267668762888876,1706.4125998321397,3295.782553876262,0.023040878960318187,516692.5205041712,9.790394331096591e-05,0.3561012740608803
0.0317479922502671,4.7647790538171444e-05,3.0606108505368256e-05,1.5568065613377182,0.008244773121205692,1744.9653837110397,3295.5770677600144,0.022906588974157923,525189.1097341308,9.788438117447177e-05,0.36096123993332163
0.031914848317205285,4.7415331346593717e-05,3.0454275283245435e-05,1.5569351398317295,0.008218591798124172,1783.2649792824297,3295.367498359903,0.022774551599554695,533733.1945486879,9.786442506786975e-05,0.3658540836274231
0.03208170438414347,4.718436360961227e-05,3.0303416220739472e-05,1.5570641694621736,0.00818941043632523,1821.3188452379554,3295.153787037623,0.022644723266390932,542324.0063977948,9.784406916714489e-05,0.37078000399570643
0.032248560451081654,4.695484388460338e-05,3.0153502942833276e-05,1.5571936691276977,0.008157494623076807,1859.134139113128,3294.9358749926987,0.022517062222088945,550960.7318484267,9.782330762553414e-05,0.3757391903337917
0.03241541651801984,4.6726730451663314e-05,3.0004508199722816e-05,1.557323657519405,0.008123091377365593,1896.7177346109415,3294.7137032749174,0.022391528430631646,559642.5127970019,9.780213457457694e-05,0.380731822690646
0.03258227258495802,4.6499983216028386e-05,2.9856405803081808e-05,1.5574541531462107,0.008086430513932218,1934.0762376789708,3294.487212797389,0.022268083478802533,568368.4466653711,9.778054412522376e-05,0.3857580721515874
0.032749128651896206,4.627456361740502e-05,2.97091705668396e-05,1.5575851743587605,0.00804772589576719,1971.2160014480164,3294.2563443502286,0.022146690489024002,577137.5865846047,9.775853036900431e-05,0.390818101096333
0.03291598471883439,4.60504345456196e-05,2.9562778252087025e-05,1.5577167393720381,0.008007176585398769,2008.143140129483,3294.021038614817,0.02202731403823534,585948.9415705214,9.773608737924827e-05,0.39591206343413204
0.033082840785772574,4.5885017062932256e-05,2.94523284420751e-05,1.557941918010859,0.007990626721498093,2051.450985951838,3293.7812361786287,0.021909862625506035,594801.476694541,9.771320921236112e-05,0.4010426446260444
0.03324969685271076,4.572050532350445e-05,2.9342483399886446e-05,1.5581675450034127,0.007971275778988603,2094.521699708092,3293.536877550602,0.021794361286538944,603694.1132531877,9.768988990915047e-05,0.4062075484741819
0.03341655291964894,4.555687467856577e-05,2.9233226667454086e-05,1.5583936455870304,0.007949352761577834,2137.3617346771343,3293.287903177036,0.021680778519663414,612625.7289393612,9.766612349620183e-05,0.41140690827181603
0.03358340898658713,4.539410134478084e-05,2.912454236456493e-05,1.5586202446226471,0.007925071843939095,2179.9773175588566,3293.034253457985,0.0215690840045683,621595.1580181955,9.76419039873028e-05,0.416640849742955
0.03375026505352531,4.523216235989295e-05,2.9016415159242875e-05,1.5588473666253262,0.007898633376522562,2222.374460087069,3292.775868764146,0.021459248544712973,630601.1915101979,9.76172253849139e-05,0.42190949119540905
0.033917121120463495,4.50710355411924e-05,2.8908830240017992e-05,1.5590750357930896,0.00787022481521638,2264.5589699028724,3292.5126894542154,0.02135124401339393,639642.577384152,9.759208168168268e-05,0.42721294365984186
0.03408397718740168,4.4910699446591915e-05,2.8801773289936426e-05,1.5593032760341905,0.007840021582194979,2306.5364607454867,3292.2446558926936,0.021245043303188084,648718.0207620923,9.75664668620024e-05,0.43255131101572636
0.03425083325433986,4.475113333811081e-05,2.8695230462178664e-05,1.5595321109929539,0.007808187863698247,2348.3123620124306,3291.9717084681447,0.02114062027851879,657826.1841382141,9.754037490361423e-05,0.43792469010469165
0.03441768932127805,4.459231714758736e-05,2.8589188357165575e-05,1.5597615640743006,0.007774877349883376,2389.8919277363457,3291.6937876117977,0.021037949731112966,666965.6876159111,9.751379977924106e-05,0.44333317083416224
0.03458454538821623,4.443423144445442e-05,2.8483634001042063e-05,1.5599916584670623,0.0077402339216283,2431.280245021649,3291.4108338167334,0.02093700733813776,676135.1091585114,9.74867354582801e-05,0.44877683626544074
0.034751401455154415,4.427685740542748e-05,2.8378554825437704e-05,1.5602224171661836,0.007704392288306496,2472.48224198047,3291.1227876572348,0.02083776962282337,685332.9848657389,9.745917590850904e-05,0.4542557626971694
0.0349182575220926,4.416253809714641e-05,2.8299069406537475e-05,1.5605650299915608,0.00768424394999193,2518.9986089522663,3290.8295898086617,0.020740171556083806,694557.8092677913,9.743111509784512e-05,0.45977244293281105
0.035085113589030784,4.404871182131721e-05,2.8219926789667426e-05,1.5609080827752329,0.007662371741153189,2565.314361707576,3290.531181067635,0.02064423378822367,703808.0356440471,9.740254699613478e-05,0.4653246217246339
0.03525196965596897,4.393536605293078e-05,2.8141118266275964e-05,1.5612516047588088,0.007638923256164612,2611.4345966551214,3290.2275023725683,0.020549935162051287,713082.0763663364,9.737346557697512e-05,0.4709123594802605
0.03541882572290715,4.382248863366873e-05,2.8062635382768992e-05,1.5615956247849978,0.007614037190194211,2657.364260997676,3289.9184948245206,0.02045725523059932,722378.303268266,9.734386481957025e-05,0.4765357102720356
0.035585681789845336,4.37100677554118e-05,2.7984469929043417e-05,1.5619401713250864,0.007587843889668174,2703.108159442492,3289.6040997083514,0.020366174227791946,731695.0480422284,9.73137387106167e-05,0.482194721884075
0.03575253785678352,4.359809194465156e-05,2.7906613927648722e-05,1.562285272505109,0.007560465865998097,2748.670960544139,3289.2842585142535,0.020276673040732014,741030.602663116,9.7283081246226e-05,0.4878894358489946
0.035919393923721704,4.34865500477449e-05,2.782905962353455e-05,1.562630956130802,0.007532018275161085,2794.0572027044186,3288.95891295935,0.020188733183501378,750383.219846422,9.725188643385508e-05,0.4936198874825631
0.03608624999065989,4.337543121695568e-05,2.7751799474345496e-05,1.5629772497114318,0.007502609365897796,2839.271299852032,3288.6280050098353,0.02010233677237598,759751.1135308574,9.722014829429222e-05,0.49938610590270627
0.03625310605759807,4.3264724897231716e-05,2.7674826141227283e-05,1.5633241804825688,0.007472340898583216,2884.3175468229806,3288.291476903156,0.020017466502364748,769132.4593973182,9.71878608636464e-05,0.5051881140462432
0.036419962124536256,4.31544208136697e-05,2.75981324801112e-05,1.5636717754278937,0.007441308537035893,2929.200124461077,3287.949271170494,0.01993410562498829,778525.3954186498,9.715501819536916e-05,0.5110259286752324
0.03658681819147444,4.3091664900715626e-05,2.75484308068225e-05,1.5642148622869574,0.007418931548786539,2977.6675322938777,3287.6013306594614,0.01985219077127854,787928.0224428975,9.712161436229867e-05,0.5169029854499776
0.036753674258412625,4.302912737068089e-05,2.7498902089292025e-05,1.564758012191195,0.0073955776846588925,3025.966279461625,3287.247598556966,0.019771753563729757,797338.4048111928,9.708764345872324e-05,0.5228160203461633
0.03692053032535081,4.2966802797431954e-05,2.7449542030109345e-05,1.5653012625967222,0.00737134399441391,3074.1005566551075,3286.8880184122827,0.01969277879725821,806754.5710097952,9.705309960246493e-05,0.5287650384126944
0.03708738639228899,4.2904685889614095e-05,2.7400346438606642e-05,1.5658446503859562,0.007346321945296215,3122.074450473273,3286.522534160257,0.01961525174543436,816174.5143579644,9.701797693698226e-05,0.5347500388699289
0.03725424245922718,4.2842771485115904e-05,2.7351311226474747e-05,1.5663882118984545,0.007320597747139079,3169.891947698357,3286.1510901446613,0.01953915814339827,825596.1937315682,9.698226963348671e-05,0.540771015100168
0.03742109852616536,4.278105454580079e-05,2.730243240359054e-05,1.566931982960414,0.007294252657495553,3217.556939364835,3285.7736311416697,0.019464484171625808,835017.5343230063,9.694597189307664e-05,0.5468279546318351
0.037587954593103545,4.2719530152489314e-05,2.725370607404307e-05,1.567475998912903,0.0072673632681511694,3265.0732246346433,3285.3901023834287,0.019391216440495972,844436.4284379034,9.690907794888162e-05,0.5529208391147988
0.03775481066004173,4.2658193500177514e-05,2.7205128432346502e-05,1.5680202946389161,0.007240001774292941,3312.4445144901583,3285.000449581775,0.019319341975613236,853850.7363277291,9.687158206822566e-05,0.5590496442864936
0.037921666726979913,4.25970398934772e-05,2.715669575982895e-05,1.5685649045893166,0.007212236227386541,3359.674435255711,3284.604618951748,0.019248848203841713,863258.2870640464,9.683347855477386e-05,0.5652143399263899
0.0380885227939181,4.253606474226537e-05,2.7108404421186842e-05,1.5691098628077456,0.0071841307731095394,3406.766531957633,3284.202557235709,0.01917972294001116,872656.8794406914,9.679476175074104e-05,0.5714148898048163
0.03825537886085628,4.2475263557530525e-05,2.706025086119531e-05,1.5696552029545487,0.007155745874928907,3453.724271532196,3283.7942117268153,0.01911195437425735,882044.2829244918,9.675542603904186e-05,0.5776512516115802
0.038422234927794466,4.245028516385828e-05,2.703173563799768e-05,1.5703869604357634,0.007133557482133508,3503.703768172774,3283.3795302929575,0.019045495406745456,891418.2386355893,9.671546584549126e-05,0.5839267879215103
0.03858909099473265,4.2425374858948225e-05,2.7003298144628342e-05,1.5711182623589162,0.007110962997168571,3553.5470253855597,3282.9584614004502,0.018980370693013466,900776.4603688606,9.667487564098392e-05,0.5902382036658225
0.038755947061670834,4.24005309089041e-05,2.6974936401679033e-05,1.5718491520248743,0.0070880232729629445,3603.2575125394474,3282.5309541379356,0.018916569476516345,910116.6356484799,9.663364994369849e-05,0.5965854467142091
0.03892280312860902,4.237575161536261e-05,2.6946648470305756e-05,1.5725796720901737,0.007064795810146636,3652.8386279051274,3282.0969582398293,0.018854081331106443,919436.4268254465,9.659178332126439e-05,0.6029684590892193
0.0390896591955472,4.235103531412387e-05,2.6918432450665334e-05,1.5733098645971526,0.007041334943946466,3702.293701395356,3281.656424110073,0.0187928961510637,928733.4722057156,9.654927039296044e-05,0.6093871768723883
0.039256515262485386,4.232638037383932e-05,2.6890286480417478e-05,1.5740397710029228,0.007017692020396454,3751.6259971904497,3281.2093028455674,0.018733004141582285,938005.3872177401,9.650610583188987e-05,0.615841530098604
0.03942337132942357,4.2301785194753726e-05,2.6862208733288742e-05,1.5747694322072494,0.006993915562605514,3800.838716255273,3280.755546259542,0.018674395809690075,947249.7656147293,9.646228436715257e-05,0.6223314426300695
0.039590227396361755,4.227724820749861e-05,2.6834197417695046e-05,1.5754988885793948,0.006970051427678205,3849.9349987535898,3280.2951069047726,0.0186170619555792,956464.180712111,9.641780078601026e-05,0.6288568320092267
0.03975708346329994,4.2252767871934136e-05,2.680625077541959e-05,1.5762281799839937,0.0069461429548660645,3898.9179263653173,3279.827938096635,0.018560993664327004,965646.1866594661,9.63726499360384e-05,0.635417609287323
0.03992393953023812,4.222834267603693e-05,2.6778367080343207e-05,1.5769573458060053,0.0069222311054838665,3947.7905245118695,3279.353993935951,0.01850618229798812,974793.3197462622,9.632682672726699e-05,0.6420136788252423
0.04009079559717631,4.224590231540887e-05,2.6772723575903188e-05,1.5779456354389112,0.0069004021357837895,3997.7420054220797,3278.873229331639,0.01845257755685903,983903.0997405685,9.62803261343054e-05,0.6486502048767214
0.04025765166411449,4.226342434787279e-05,2.6767092157972917e-05,1.5789322238831272,0.006878577560546043,4047.5865068716694,3278.385600023114,0.018400213355603497,992973.031259909,9.623314319845105e-05,0.655322108102117
0.040424507731052675,4.228090980656715e-05,2.6761472494511317e-05,1.5799171669361174,0.006856794781053975,4097.326967804655,3277.8910626024212,0.0183490818407396,1002000.6051734714,9.618527302977819e-05,0.6620292903953089
0.04059136379799086,4.229835970728053e-05,2.6755864259053406e-05,1.580900519517623,0.006835089194230892,4146.966277810197,3277.389574536176,0.01829917540753746,1010983.3000335136,9.613671080921307e-05,0.668771647501932
0.04075821986492904,4.231577504911185e-05,2.6750267130498107e-05,1.581882335704507,0.006813494303386857,4196.507279000774,3276.881094186973,0.018250486693714534,1019918.583538488,9.608745179056543e-05,0.6755490688002688
0.04092507593186723,4.233315681510662e-05,2.6744680792903747e-05,1.5828626687643628,0.006792041823087154,4245.952767822184,3276.365580834767,0.018203008573408425,1028803.9140206106,9.603749130256413e-05,0.6823614370419242
0.04109193199880541,4.2350505972870534e-05,2.673910493529088e-05,1.5838415711879483,0.006770761778382091,4295.305496798903,3275.8429946976858,0.018156734151414736,1037636.7419628408,9.598682475084311e-05,0.6892086280488663
0.041258788065743596,4.236782347516144e-05,2.6733539251452014e-05,1.5848190947205114,0.00674968259878923,4344.56817621809,3275.31329695255,0.018111656757678157,1046414.5115402432,9.593544761990771e-05,0.6960905103561296
0.04142564413268178,4.238511026046086e-05,2.672798343976793e-05,1.5857952903920562,0.006728831207311664,4393.74347575541,3274.776449754991,0.018067769942025646,1055134.662185627,9.588335547506787e-05,0.703006944791494
0.041592500199619964,4.240236725352611e-05,2.6722437203030248e-05,1.5867702085466142,0.00670823310478134,4442.834026045621,3274.232416259151,0.018025067469131257,1063794.6301778671,9.583054396433805e-05,0.709957783980337
0.04175935626655815,4.2419595365924e-05,2.6716900248269892e-05,1.587743898870565,0.006687912449796407,4491.842420200743,3273.6811606369324,0.017983543313702777,1072391.8502513901,9.577700882030191e-05,0.7169428717614179
0.04192621233349633,4.247649638340656e-05,2.6731549904639753e-05,1.5890023786474865,0.006668099510992047,4540.912436689196,3273.122648096874,0.01794315195499392,1080923.7572246182,9.572274586194625e-05,0.723969067799797
0.042093068400434516,4.2533307765737456e-05,2.674617648366885e-05,1.5902575006079165,0.006648602660357148,4589.905154061322,3272.556844902184,0.017903927537607795,1089387.787649728,9.566775099642335e-05,0.7310296529263977
0.0422599244673727,4.259003240765763e-05,2.676078073063313e-05,1.5915093373529539,0.00662944271109172,4638.823068669401,3271.9837183890254,0.01786586463753464,1097781.381471536,9.561202022084234e-05,0.738124481345534
0.042426780534310884,4.264667316678375e-05,2.6775363381250587e-05,1.5927579603512318,0.006610639405595448,4687.668644850695,3271.403236983368,0.017828958023610255,1106101.983709728,9.555554962393185e-05,0.7452533997929582
0.04259363660124907,4.2703232865112475e-05,2.678992516206853e-05,1.5940034399788234,0.006592211477285459,4736.4443162246525,3270.81537021792,0.017793202653681076,1114347.046147837,9.549833538771697e-05,0.7524162469198826
0.04276049266818725,4.2759714290480125e-05,2.68044667908394e-05,1.595245845557858,0.006574176709250922,4785.152486951682,3270.220088748256,0.017758593670942638,1122514.0290355596,9.544037378912524e-05,0.7596128525431955
0.04292734873512544,4.281612019798004e-05,2.6818988976885675e-05,1.5964852453939153,0.006556551989964593,4833.795532955483,3269.6173643683956,0.017725126400444827,1130600.4027998073,9.53816612015492e-05,0.7668430367341407
0.04309420480206362,4.2872453311339894e-05,2.683349242145447e-05,1.597721706812253,0.006539353366209652,4882.375803110782,3269.007170025766,0.017692796345757843,1138603.649762981,9.532219409635535e-05,0.7741066087059345
0.043261060869001805,4.292871632426095e-05,2.6847977818062352e-05,1.5989552961929243,0.006522596093375628,4930.895620398281,3268.389479835541,0.01766159918579292,1146521.265866538,9.526196904434116e-05,0.7814033654501821
0.04342791693593999,4.2984911901721297e-05,2.686244585283084e-05,1.6001860790048434,0.006506294683270367,4979.357283028528,3267.7642690943344,0.017631530771772454,1154350.7623977838,9.520098271713734e-05,0.7887330900570761
0.04359477300287817,4.30410426812449e-05,2.6876897204813175e-05,1.6014141198388412,0.0064904629495842895,5027.763065536331,3267.1315142932162,0.01760258712434423,1162089.6677179383,9.513923188855236e-05,0.7960955496347796
0.04376162906981636,4.313432005601581e-05,2.6909220653625653e-05,1.6029568678795625,0.006473484759564858,5074.837949410958,3266.4911931300503,0.017574727222053096,1169735.5289893649,9.507671343585931e-05,0.803500608470139
0.04392848513675454,4.322749827790118e-05,2.694150974294605e-05,1.6044942800289508,0.006457041780221655,5121.862793170455,3265.843284521133,0.01754798466462739,1177285.9138998885,9.50134243410224e-05,0.8109388213515215
0.044095341203692726,4.33205816098874e-05,2.697376595002886e-05,1.6060264514099505,0.006441144361119314,5168.839748243178,3265.1877686120993,0.017522355963346257,1184738.4123821612,9.49493616918597e-05,0.818410009845031
0.04426219727063091,4.341357427722247e-05,2.70059907390511e-05,1.607553475697736,0.006425802370202745,5215.770947011813,3264.5246267880957,0.017497837788734552,1192090.6383258426,9.488452268314433e-05,0.8259139860718754
0.044429053337569094,4.350648046928583e-05,2.7038185561760233e-05,1.6090754451665759,0.0064110252269953625,5262.658503757038,3263.853841683209,0.017474426968329453,1199340.2312805452,9.481890461763968e-05,0.8334505510789653
0.04459590940450728,4.359930434141764e-05,2.7070351858108062e-05,1.6105924507353182,0.006396821934224639,5309.504515580697,3263.1753971891058,0.017452120484565955,1206484.8581474032,9.475250490706615e-05,0.8410194927003047
0.04476276547144546,4.369205001670984e-05,2.7102491056871417e-05,1.6121045820115636,0.006383201107962131,5356.311063309736,3262.4892784628964,0.01743091547277787,1213522.214857091,9.468532107300047e-05,0.8486205827225678
0.044929621538383646,4.378472158776129e-05,2.7134604576260343e-05,1.6136119273345846,0.006370171006368537,5403.0802123819585,3261.795471934273,0.017410809219311173,1220450.0280317182,9.461735074771153e-05,0.8562535730850107
0.04509647760532183,4.3877323118399184e-05,2.7166693824514623e-05,1.6151145738170487,0.006357739557089406,5449.814013714788,3261.093965311597,0.017391799159746698,1227266.0566301548,9.454859167490268e-05,0.863918190722041
0.045263333672260014,4.396985864536876e-05,2.7198760200489322e-05,1.616612607385601,0.006345914383430413,5496.5145045580275,3260.3847475874713,0.017373882877229494,1233968.093571695,9.447904171041075e-05,0.8716141304541801
0.0454301897391982,4.41085496012652e-05,2.7252927532480755e-05,1.6184884926103984,0.0063307002475360905,5539.681248865098,3259.6678090433275,0.017357011883480874,1240553.967338449,9.440869882281551e-05,0.8793630284604119
0.04559704580613638,4.4247153562080476e-05,2.7307060887552698e-05,1.6203557660154313,0.0063161893700242585,5582.820916464821,3258.94314125308,0.017341230298587453,1247021.5435538287,9.433756109396819e-05,0.887145823491377
0.04576390187307457,4.438567647501243e-05,2.736116258845098e-05,1.622214565317755,0.006302385150700818,5625.935358387546,3258.21073708606,0.01732653613740924,1253368.726534117,9.426562671945459e-05,0.894962793251821
0.04593075794001275,4.452412425636385e-05,2.741523494585502e-05,1.624065026044782,0.006289290886572157,5669.026416047717,3257.4705907090147,0.01731292755671495,1259593.4608119002,9.419289400897527e-05,0.9028143581565719
0.046097614006950935,4.466250279388342e-05,2.7469280259292103e-05,1.6259072815996087,0.0062769097882362235,5712.095921972487,3256.7226975871995,0.01730040285400819,1265693.7326292244,9.411936138664381e-05,0.9107011466566379
0.04626447007388912,4.4800817949076314e-05,2.7523300818039817e-05,1.6277414633244918,0.006265244995578278,5755.145700520865,3255.967054484727,0.017288960466447297,1271667.571397802,9.404502739121938e-05,0.9186240996209473
0.0464313261408273,4.4939075559486915e-05,2.7577298902017592e-05,1.629567700562549,0.00625429959277706,5798.177568594204,3255.2036594636925,0.017278598969857166,1277508.6687342422,9.397021303245536e-05,0.9265846441535313
0.04659818220776549,4.5077281440956134e-05,2.763127678266831e-05,1.6313861207177662,0.006244076622719523,5841.193336338784,3254.4325118828174,0.017269317077831636,1283216.3377235283,9.389482469982244e-05,0.9345849976824692
0.04676503827470367,4.5215441389855973e-05,2.768523672383106e-05,1.6331968493133802,0.006234579100803382,5884.194807841298,3253.6536123948376,0.017261113640925065,1288791.7831360362,9.381863670366322e-05,0.9426287330849181
0.046931894341641855,4.5353561185303527e-05,2.7739180982605824e-05,1.6350000100487108,0.006225810028212486,5927.183781817955,3252.8669629432825,0.017253987645931973,1294233.2219169952,9.374164803449818e-05,0.9507219116101202
0.04709875040858004,4.549164659135706e-05,2.7793111810211185e-05,1.63679572485451,0.006217772404636683,5970.162052297981,3252.072566757731,0.017247938215253576,1299538.9210311424,9.366385779630189e-05,0.9588755891697663
0.047265606475518224,4.554663383759284e-05,2.779520545354945e-05,1.638650734699877,0.0062315152445517235,6033.508675915791,3251.270428349194,0.01724304767587199,1304707.19868786,9.358526520628993e-05,0.9669572629630351
0.04743246254245641,4.560161196378291e-05,2.7797298749641323e-05,1.640505157515398,0.006245649328337094,6096.8447930226785,3250.4605535034143,0.017239232336545573,1309736.4255241384,9.350586959450913e-05,0.9750694783364219
0.04759931860939459,4.565658325291593e-05,2.779939178541176e-05,1.6423590704914293,0.006260193386731702,6160.173033676231,3249.642949273995,0.017236491727000428,1314625.0257387864,9.342567040341657e-05,0.9832125739304942
0.047766174676332776,4.571154998542779e-05,2.780148464768852e-05,1.6442125506857905,0.006275165766785983,6223.496024993143,3248.817623974321,0.017234825510884722,1319371.4781790546,9.334466718734566e-05,0.9913888101363386
0.04793303074327096,4.576651444005394e-05,2.7803577423234618e-05,1.6460656750526006,0.006290584460689647,6286.816392131207,3247.9845871684743,0.01723423348555995,1323974.317377626,9.326285961187919e-05,1.0
0.047969587287356986,4.577855659808237e-05,2.780403592926393e-05,1.646471638669555,0.006284333515820035,6300.689246372756,3247.6413647606614,0.017234318115151116,1325188.7384240988,9.322815514961381e-05,1.0032642685705941
0.04800614280887789,4.57905987561108e-05,2.780449443529325e-05,1.6468775888975395,0.006278249426246665,6314.562100614305,3247.296918893119,0.01723459608553657,1326376.3843974893,9.319330940542968e-05,1.006761869220106
0.04804269628529715,4.5802640914139224e-05,2.7804952941322565e-05,1.6472835257372165,0.006272331994489635,6328.434954855848,3246.951255544008,0.017235067388604034,1327537.1802911323,9.315832283390684e-05,1.010262116425913
0.048079246694135463,4.5814683072167655e-05,2.780541144735188e-05,1.6476894491892489,0.006266581023090869,6342.307809097398,3246.6043807737806,0.017235732010833303,1328671.0544347821,9.312319589908655e-05,1.0137668889656792
0.048115793012999314,4.5826725230196085e-05,2.7805869953381196e-05,1.6480953592542984,0.006260996314695375,6356.180663338946,3246.2563007242406,0.017236589933296614,1329777.9385093574,9.308792907440867e-05,1.0172764961262286
0.048152334219609606,4.572895755841957e-05,2.7747138952113857e-05,1.6480602788395162,0.006284411046019147,6399.414536565003,3245.9070216175087,0.017237750941489004,1330857.767560857,9.305252284263826e-05,1.0211248132555104
0.048188869291830236,4.563118988664308e-05,2.768840795084654e-05,1.6480250496037627,0.00630781801392472,6442.6484097910425,3245.5565497550188,0.017239105195839533,1331910.4800132215,9.301697769579904e-05,1.0248805637465415
0.0482253972076967,4.5533422214866563e-05,2.7629676949579196e-05,1.6479896705980142,0.006331220432249344,6485.882283017099,3245.204891516499,0.017240652661201568,1332936.0176803274,9.298129413509971e-05,1.0285820154028826
0.04826191694544467,4.543565454309008e-05,2.7570945948311878e-05,1.6479541408651606,0.006354621482117151,6529.116156243139,3244.852053358842,0.017242393297023956,1333934.3257770448,9.294547267085379e-05,1.0322494057425757
0.04829842748353857,4.53378868713136e-05,2.7512214947044562e-05,1.6479184594399194,0.006378024312383299,6572.350029469179,3244.4980418151495,0.01724432705735214,1334905.3529292326,9.290951382241444e-05,1.0358945368242178
0.04833492780070017,4.524011919953708e-05,2.745348394577722e-05,1.6478826253487484,0.006401432040058804,6615.583902695235,3244.1428634934687,0.017246453890829454,1335849.051182992,9.28734181180774e-05,1.0395247844359488
0.048371416875937136,4.51423515277606e-05,2.73947529445099e-05,1.6478466376097558,0.006424847750754306,6658.817775921276,3243.786525075979,0.017248773740698574,1336765.3760126394,9.283718609503159e-05,1.0431450028340683
0.04840789368857159,4.504458385598411e-05,2.7336021943242583e-05,1.6478104952326122,0.006448274499072843,6702.051649147315,3243.429033317233,0.017251286544803075,1337654.2863282568,9.280081829921239e-05,1.0467585174670735
0.048444357218268674,4.4946816184207594e-05,2.7277290941975244e-05,1.6477741972184587,0.0064717153090697475,6745.285522373372,3243.070395043822,0.017253992235589204,1338515.7444815426,9.276431528529755e-05,1.0503676801836055
0.04848080644506508,4.4849048512431076e-05,2.72185599407079e-05,1.6477377425598159,0.006495173174635588,6788.519395599428,3242.71061715257,0.017256890740107743,1339349.7162714035,9.272767761655679e-05,1.0539741975831103
0.04851724034939758,4.475128084065456e-05,2.7159828939440563e-05,1.647701130240489,0.006518651059918839,6831.753268825485,3242.3497066096043,0.01725998198001606,1340156.1709481624,9.269090586478762e-05,1.0575793342316273
0.04855365791213155,4.469225364502138e-05,2.7113615532006644e-05,1.6483324989344852,0.006529355474881028,6861.539692702999,3241.987670449135,0.017263227131104158,1340935.0812169563,9.26540006102225e-05,1.061142715585004
0.04859005811458947,4.4633226449388224e-05,2.7067402124572742e-05,1.6489660235574881,0.006540154225900924,6891.326116580501,3241.624515771995,0.017266664844725447,1341686.4232401517,9.261696244141211e-05,1.0647108185256569
0.04862643993857944,4.4574199253755053e-05,2.702118871713882e-05,1.6496017151711326,0.006551048747976341,6921.112540458014,3241.2602497448997,0.01727029502637081,1342410.1766387657,9.257979195517831e-05,1.068283515662827
0.04866280236642362,4.45151720581219e-05,2.697497530970492e-05,1.6502395849128528,0.006562040461671832,6950.898964335516,3240.8948795986576,0.01727411757614737,1343106.3244929954,9.254248975646421e-05,1.0718606925406848
0.04869914438098675,4.445614486248872e-05,2.6928761902271e-05,1.6508796439965394,0.006573130773358584,6980.68538821303,3240.528412627094,0.01727813238878132,1343774.853341704,9.25050564582542e-05,1.0754422445765242
0.04873546496570455,4.4397117666855563e-05,2.68825484948371e-05,1.6515219037131919,0.006584321075446153,7010.471812090532,3240.1608561858693,0.01728233935362083,1344415.7531810296,9.246749268148314e-05,1.0790280748181968
0.0487717631046122,4.4338090471222387e-05,2.6836335087403177e-05,1.6521663754315854,0.006595612746598198,7040.2582359680455,3239.792217691008,0.017286738354639175,1345029.0174619856,9.242979905491596e-05,1.0826180922812139
0.048808037782372714,4.427906327558921e-05,2.6790121679969258e-05,1.6528130705989394,0.006607007151955597,7070.044659845558,3239.422504617627,0.017291329270437947,1345614.6430871203,9.239197621504817e-05,1.0862122106954368
0.04884428798430539,4.422003607995604e-05,2.674390827253534e-05,1.6534620007415974,0.006618505643353277,7099.831083723072,3239.0517244986013,0.017296111974250496,1346172.6304062458,9.235402480599774e-05,1.0898103475500138
0.04888051269641414,4.416100888432286e-05,2.6697694865101417e-05,1.6541131774657096,0.00663010955953388,7129.617507600586,3238.679884923203,0.017301086333945417,1346702.9832112235,9.231594547939535e-05,1.0934124233568605
0.048916710905415904,4.4101981688689706e-05,2.6651481457667516e-05,1.6547666124579261,0.006641820226358016,7159.4039314780875,3238.3069935357234,0.0173062522120303,1347205.7087297693,9.22777388942726e-05,1.0970183610768665
0.04895288159876897,4.4071620449918065e-05,2.661755609527805e-05,1.6557350454024726,0.006647893474410806,7182.98241886135,3237.9330580340984,0.01731158079969869,1347680.8176183808,9.223940571694947e-05,1.1006090977741818
0.048989023764701274,4.404125921114644e-05,2.65836307328886e-05,1.6567059501266581,0.006654102985148396,7206.560906244605,3237.55808616851,0.017317100614704657,1348128.3239542902,9.220094662091932e-05,1.1042047939056912
0.04902513639223875,4.401089797237481e-05,2.654970537049915e-05,1.6576793361058446,0.006660449431134016,7230.139393627859,3237.182085739936,0.017322811503496384,1348548.2452264878,9.216236228672863e-05,1.107805255144253
0.049061218471233584,4.3980536733603176e-05,2.6515780008109686e-05,1.6586552128638872,0.006666933478592665,7253.717881011122,3236.805064598926,0.017328713307177303,1348940.6023260113,9.212365340187777e-05,1.111410303792112
0.04909726899239245,4.3950175494831535e-05,2.648185464572022e-05,1.6596335899734425,0.006673555787521602,7277.296368394384,3236.4270306437115,0.017334805861510556,1349305.419534767,9.208482066065676e-05,1.1150197762138137
0.04913328694730478,4.391981425605991e-05,2.644792928333077e-05,1.660614477056284,0.006680317011838014,7300.874855777639,3236.0479918193078,0.01734108899692356,1349642.7245143245,9.204586476407787e-05,1.1186335207342912
0.04916927132847095,4.388945301728827e-05,2.6414003920941305e-05,1.6615978837836185,0.00668721779948881,7324.453343160902,3235.6679561157125,0.017347562538512776,1349952.5482930164,9.200678641971822e-05,1.1222513958978502
0.04920522112933047,4.385909177851663e-05,2.6380078558551843e-05,1.6625838198763998,0.006694258792575671,7348.031830544165,3235.286931566528,0.01735422630604861,1350234.9252525554,9.19675863416047e-05,1.1258732690220434
0.049241135344290116,4.3828730539745005e-05,2.6346153196162392e-05,1.663572295105653,0.006701440627473427,7371.610317927419,3234.904926247483,0.017361080113980423,1350489.8931136553,9.192826525008794e-05,1.129499014989514
0.0492770129687521,4.379836930097338e-05,2.631222783377294e-05,1.6645633192927958,0.006708763934946567,7395.188805310673,3234.521948274946,0.017368123771441746,1350717.4929208267,9.18888238717142e-05,1.133128515233198
0.04931285299914215,4.379750272255706e-05,2.6292252140410884e-05,1.665795021615543,0.0067116220385994895,7413.678053306995,3234.1380058044224,0.01737532758759525,1350917.7690262462,9.184926293909746e-05,1.1367470260297774
0.04934865443293756,4.379663614414074e-05,2.6272276447048824e-05,1.6670285969475034,0.006714641648045778,7432.167301303317,3233.7531070290524,0.017382720855619305,1351090.7690728349,9.180958319078814e-05,1.140369778780396
0.04938441626869527,4.379576956572443e-05,2.6252300753686775e-05,1.668264049564262,0.006717822906773716,7450.6565492996315,3233.367260178086,0.017390303368732558,1351236.543976439,9.176978537114162e-05,1.143996617929275
0.04942013750607986,4.379490298730811e-05,2.6232325060324715e-05,1.6695013837544295,0.006721165957379293,7469.145797295953,3232.9804735153757,0.01739807491486005,1351355.147907217,9.172987023018627e-05,1.1476273967186486
0.04945581714589153,4.379403640889179e-05,2.6212349366962666e-05,1.6707406038196868,0.006724670941620656,7487.635045292269,3232.5927553378324,0.01740603527663917,1351446.6382701716,9.168983852348834e-05,1.1512619761577862
0.049491454190094056,4.3793169830475474e-05,2.619237367360061e-05,1.6719817140748405,0.006728338000471427,7506.12429328859,3232.2041139738967,0.017414184231425735,1351511.0756848915,9.164969101201764e-05,1.154900224133385
0.04952704764184271,4.3792303252059155e-05,2.617239798023855e-05,1.673224718847868,0.00673216727416905,7524.613541284912,3231.81455778191,0.017422521551300196,1351548.5239643306,9.160942846200222e-05,1.1585420146414114
0.04956259650551212,4.379143667364284e-05,2.61524222868765e-05,1.6744696224799696,0.006736158902273991,7543.102789281227,3231.4240951488714,0.017431047003074036,1351559.0500934748,9.156905164482132e-05,1.162187227114618
0.049598099786724165,4.3790570095226526e-05,2.6132446593514444e-05,1.6757164293256215,0.006740313023702581,7561.592037277549,3231.0327344884,0.01743976034829628,1351542.7242058732,9.15285613368196e-05,1.165835745845818
0.04963355649237575,4.378970351681021e-05,2.6112470900152385e-05,1.676965143752622,0.006744629776784191,7580.081285273871,3230.640484239534,0.01744866134326017,1351499.6195608506,9.148795831920169e-05,1.169487459476031
0.04966896563066658,4.378883693839389e-05,2.6092495206790335e-05,1.6782157701421458,0.006749109299302287,7598.5705332701855,3230.2473528650553,0.01745774973900999,1351429.8125191298,9.144724337788205e-05,1.1731422605501731
0.049704326211126956,4.381038957424276e-05,2.60836988281982e-05,1.6796080135260891,0.006750706682630772,7613.625497976362,3229.85334884992,0.01746700286213374,1351333.3825179539,9.140641730334258e-05,1.1767912887865224
0.04973963724464543,4.3831942210091626e-05,2.6074902449606066e-05,1.6810011962577383,0.0067524775336956985,7628.680462682539,3229.4584806996368,0.017476442872413078,1351210.4120453314,9.136548089048493e-05,1.1804435283721422
0.049774897743496485,4.38534948459405e-05,2.6066106071013932e-05,1.682395319288082,0.006754421693704206,7643.735427388715,3229.0627569389635,0.017486069505187735,1351060.9866142615,9.132443493851527e-05,1.1840988625143545
0.049810106721368166,4.387504748178937e-05,2.6057309692421797e-05,1.6837903835693935,0.006756539006069699,7658.790392094891,3228.6661861097004,0.017495882490577243,1350885.1947343578,9.128328025073603e-05,1.1877571784462309
0.04984526319338967,4.389660011763823e-05,2.6048513313829666e-05,1.6851863900552306,0.006758829316438198,7673.845356801062,3228.268776769846,0.017505881553488416,1350683.1278856548,9.124201763447573e-05,1.1914183670506013
0.04988036617615892,4.39181527534871e-05,2.6039716935237532e-05,1.686583339700443,0.006761292472680598,7688.900321507238,3227.8705374915703,0.017516066413623105,1350454.880489252,9.120064790089817e-05,1.1950823225354532
0.04991541468777001,4.3939705389335966e-05,2.60309205566454e-05,1.6879812334611675,0.00676392832489925,7703.955286213409,3227.471476859742,0.017526436785486002,1350200.549878478,9.115917186486714e-05,1.1987489421401003
0.04995040774784074,4.396125802518484e-05,2.6022124178053266e-05,1.6893800722948364,0.0067667367254300856,7719.010250919585,3227.071603470338,0.01753699237839264,1349920.2362691544,9.11175903447988e-05,1.202418125873805
0.04998534437754,4.39828106610337e-05,2.6013327799461132e-05,1.690779857160175,0.006769717528843786,7734.065215625762,3226.670925928863,0.017547732896477524,1349614.0427292332,9.1075904162515e-05,1.2060897762818814
0.05002022359961514,4.4004363296882575e-05,2.6004531420868997e-05,1.6921805890172072,0.0067728705919455606,7749.120180331938,3226.2694528487646,0.0175586580387024,1349282.0751478358,9.103411414309356e-05,1.209763798236172
0.05005504443841934,4.404613373159323e-05,2.600600647137312e-05,1.6936907933203165,0.006773565973046525,7761.161915472944,3225.867192849839,0.017569747281065813,1348924.4422036686,9.099222111472054e-05,1.2134334613808109
0.050089805919938904,4.40879041663039e-05,2.600748152187725e-05,1.6952008263167493,0.006774440803727605,7773.203650613954,3225.464154556663,0.01758102053000828,1348541.2553328658,9.09502259085407e-05,1.2171055186571211
0.05012450707182046,4.412967460101457e-05,2.6008956572381373e-05,1.6967106880356513,0.0067754947049012155,7785.245385754964,3225.060346596997,0.017592477469024377,1348132.628696256,9.090812935850744e-05,1.2207798709620616
0.050159146923398186,4.4171445035725226e-05,2.6010431622885497e-05,1.698220378506161,0.006776727301780594,7797.2871208959705,3224.65577760022,0.017604117776470484,1347698.67914608,9.08659323012335e-05,1.2244564215000062
0.05019372450572098,4.42132154704359e-05,2.601190667338962e-05,1.6997298977574125,0.006778138223849988,7809.32885603698,3224.2504561957417,0.017615941125573777,1347239.526192164,9.082363557584012e-05,1.2281350756102334
0.05022823885157953,4.425498590514655e-05,2.601338172389375e-05,1.7012392458185306,0.006779727104833913,7821.370591177986,3223.8443910114383,0.017627947184441342,1346755.291967574,9.078124002380665e-05,1.2318157406106107
0.05026268899553339,4.4296756339857224e-05,2.6014856774397873e-05,1.702748422718637,0.006781493582665833,7833.412326318996,3223.4375906720775,0.01764013561606951,1346246.1011937563,9.073874648882002e-05,1.235498325656045
0.050297073973937984,4.433852677456789e-05,2.6016331824901997e-05,1.7042574284868428,0.0067834372994558636,7845.454061460006,3223.030063797753,0.017652506078353232,1345712.0811451953,9.069615581662261e-05,1.2391827416099286
0.05033139282497154,4.438029720927855e-05,2.601780687540612e-05,1.705766263152255,0.006785557901458036,7857.495796601012,3222.6218190023314,0.017665058224095677,1345153.361613594,9.065346885486348e-05,1.2428689009273277
0.05036564458866202,4.4422067643989215e-05,2.601928192591025e-05,1.7072749267439735,0.006787855039036593,7869.537531742022,3222.2128648918906,0.017677791701017936,1344570.074871591,9.061068645294488e-05,1.2465567175487953
0.05039982830691398,4.446383807869989e-05,2.6020756976414373e-05,1.708783419291092,0.00679032836663178,7881.579266883033,3221.80321006317,0.017690706151768883,1343962.3556360428,9.056780946187233e-05,1.250246106803613
0.05043394302353532,4.452439056541937e-05,2.6031744417229115e-05,1.7103882802395254,0.006790465335349057,7890.701750079278,3221.3928631020344,0.01770378243188314,1343330.3410308775,9.052483873410353e-05,1.2539317269241386
0.05046798778426409,4.4584943052138833e-05,2.604273185804385e-05,1.7119917870047812,0.006790783382038111,7899.824233275521,3220.9818325819283,0.01771703895594728,1342674.1705495482,9.048177512339665e-05,1.2576188919371813
0.05050196163679514,4.4645495538858296e-05,2.6053719298858587e-05,1.7135939413001282,0.006791281953991157,7908.946716471763,3220.5701270623526,0.017730475351454045,1341993.986017062,9.043861948466007e-05,1.2613075152634998
0.050535863630806796,4.4706048025577786e-05,2.6064706739673328e-05,1.7151947448359472,0.00679196050424915,7918.069199668009,3220.157755087346,0.01774409124086478,1341289.9315516974,9.039537267380137e-05,1.264997511703651
0.0505696928179874,4.476660051229727e-05,2.607569418048807e-05,1.7167941993197342,0.006792818491543128,7927.191682864254,3219.7447251839612,0.017757886241620006,1340562.1535262836,9.035203554757708e-05,1.268688797356613
0.05060344825206187,4.482715299901676e-05,2.6086681621302807e-05,1.7183923064561104,0.006793855380235325,7936.3141660605,3219.331045860771,0.017771859966150112,1339810.8005292057,9.030860896344165e-05,1.2723812895452475
0.05063712898881814,4.488770548573624e-05,2.609766906211755e-05,1.7199890679468246,0.00679507064026006,7945.436649256745,3218.9167256063633,0.01778601202188621,1339036.023325042,9.026509377939841e-05,1.27607490674777
0.05067073408613361,4.4948257972455705e-05,2.6108656502932286e-05,1.7215844854907616,0.006796463747064103,7954.559132452988,3218.501772887863,0.01780034201127109,1338237.9748149212,9.022149085384982e-05,1.2797695685348962
0.050704262604001474,4.5008810459175194e-05,2.6119643943747028e-05,1.7231785607839492,0.006798034181546869,7963.681615649233,3218.086196149448,0.017814849531770358,1337416.8099965584,9.017780104544802e-05,1.2834651955120384
0.050737713604557005,4.506936294589468e-05,2.6130631384561765e-05,1.7247712955195602,0.006799781430000186,7972.8040988454795,3217.6700038108893,0.0178295341758837,1336572.685924051,9.01340252129463e-05,1.287161709266127
0.05077108615210381,4.512991543261414e-05,2.6141618825376503e-05,1.7263626913879218,0.006801704984047916,7981.926582041721,3217.2532042660955,0.01784439553115627,1335705.7616673848,9.009016421505106e-05,1.2908590323166802
0.05080437931314,4.520641225832147e-05,2.6160523527480282e-05,1.7280392806678528,0.006801580215658174,7988.436836765605,3216.835805881662,0.017859417235851247,1334816.1982717125,9.004621891027435e-05,1.2945531898035234
0.05083759215638429,4.52829090840288e-05,2.617942822958406e-05,1.7297134485487673,0.006801634338688305,7994.94709148949,3216.417816995449,0.017874614811978457,1333904.1587164127,9.000219015678647e-05,1.2982480924515067
0.05087072375280205,4.53594059097361e-05,2.6198332931687833e-05,1.7313852002725048,0.0068018666770920866,8001.457346213371,3215.999245915155,0.017889987832289254,1332969.8078739345,8.995807881226976e-05,1.3019436622363352
0.050903773175631314,4.54359027354434e-05,2.6217237633791605e-05,1.7330545410657874,0.006802276561380361,8007.967600937253,3215.580100916911,0.01790553586462743,1332013.3124684384,8.991388573377334e-05,1.3056398220505643
0.05093673950040868,4.55123995611507e-05,2.6236142335895377e-05,1.7347214761402716,0.006802863328542337,8014.477855661135,3215.1603902438587,0.017921258471941315,1331034.841034165,8.986961177756446e-05,1.3093364956628069
0.05096962180499518,4.558889638685803e-05,2.625504703799916e-05,1.736386010692604,0.006803626321968515,8020.988110385019,3214.740122104867,0.017937155212296003,1330034.563874136,8.98252577989956e-05,1.313033607678112
0.05100241916960207,4.566539321256536e-05,2.6273951740102938e-05,1.7380481499044744,0.006804564891372234,8027.498365108904,3214.319304673178,0.01795322563888572,1329012.6530183922,8.978082465236118e-05,1.3167310835078532
0.05103513067681655,4.5741890038272685e-05,2.6292856442206716e-05,1.7397078989426698,0.006805678392706988,8034.008619832788,3213.8979460846163,0.0179694693000463,1327969.2821802897,8.973631319071167e-05,1.320428849330906
0.05106775541162746,4.581838686398001e-05,2.6311761144310495e-05,1.741365262959128,0.0068069661880956036,8040.518874556672,3213.476054436965,0.01798588573926784,1326904.6267172655,8.969172426578413e-05,1.324126832067615
0.05110029246145082,4.5894883689687314e-05,2.6330665846414267e-05,1.743020247090991,0.006808427645746996,8047.029129280554,3213.0536377881676,0.018002474495207477,1325818.8635868072,8.964705872781358e-05,1.3278249593509384
0.05113274091615541,4.600551677952278e-05,2.6367688136495187e-05,1.7447686934618707,0.006805219591749425,8047.812615102571,3212.630704155149,0.01801920096543813,1324712.1713046858,8.960231742540667e-05,1.3315156666893941
0.051165099868088204,4.611614986935824e-05,2.6404710426576108e-05,1.7465122368069124,0.006802189209550794,8048.5961009245875,3212.207261512509,0.01803609881525395,1323584.7299026472,8.955750120540182e-05,1.3352065266744122
0.05119736841209974,4.622678295919366e-05,2.6441732716657015e-05,1.7482508977209734,0.006799335506520903,8049.379586746603,3211.783317791263,0.018053167568891117,1322436.7208860752,8.951261091273329e-05,1.3388974642443507
0.051229545645569495,4.633741604902912e-05,2.6478755006737932e-05,1.7499846966837316,0.006796657498751583,8050.16307256862,3211.358880877574,0.018070406745805248,1321268.327191602,8.946764739029413e-05,1.3425884051531902
0.05126163066843107,4.644804913886458e-05,2.6515777296818852e-05,1.7517136540604843,0.0067941542109466605,8050.946558390637,3210.933958611518,0.01808781586068486,1320079.7331447115,8.94226114788022e-05,1.3462792759413398
0.0512936225831974,4.65586822287e-05,2.655279958689976e-05,1.7534377901029488,0.006791824676312509,8051.730044212653,3210.5085587858575,0.018105394423464944,1318871.1244173404,8.937750401666641e-05,1.3499700039084137
0.051325520494985864,4.6669315318535466e-05,2.658982187698068e-05,1.7551571249500544,0.006789667936449112,8052.51353003467,3210.08268914484,0.018123141939340667,1317642.6879854833,8.933232583985411e-05,1.3536605170878608
0.0513573235115433,4.677994840837093e-05,2.66268441670616e-05,1.7568716786287228,0.0067876830412417575,8053.297015856687,3209.656357383007,0.018141057908781212,1316394.6120868481,8.928707778176021e-05,1.3573507442233284
0.05138903074327096,4.689058149820635e-05,2.6663866457142507e-05,1.758581471054648,0.006785869048753238,8054.080501678703,3209.2295711440293,0.01815914182754375,1315127.0861785216,8.924176067307807e-05,1.361040614746574
0.0516248059209595,4.7714198252212055e-05,2.6939481812617565e-05,1.771162436757202,0.006777930359184346,8059.91322361116,3206.150375907565,0.018294241560554335,1305610.931884553,8.891348670417984e-05,1.3875879446678403
0.05186058109864804,4.853720651561552e-05,2.7214893542616547e-05,1.7834795656874345,0.00677849380345815,8065.741636310635,3203.2499210894125,0.018428938876971286,1296115.1353423866,8.860192481196807e-05,1.4124940836691626
0.052096356276336575,4.988713131891687e-05,2.779738719518203e-05,1.7946698000293906,0.006724553025206616,7998.534207497133,3200.5006370522724,0.0185627062517641,1286673.5779152662,8.83044088625634e-05,1.435931953052368
0.05233213145402512,5.123606178479176e-05,2.8379451790337787e-05,1.8053929358225254,0.006676222879554168,7931.376282820189,3197.881691238908,0.018696071595810104,1277310.31604705,8.801892889820867e-05,1.4581977018572925
0.05256790663171366,5.2584000153347146e-05,2.8961088294691805e-05,1.8156776298694934,0.00663247940524497,7864.267750753717,3195.3768481574525,0.01882903490686919,1268042.7466924607,8.774392200716344e-05,1.4794432365801158
0.052803681809402196,5.393094866963989e-05,2.9542297676987944e-05,1.8255502418706433,0.006592523892006269,7797.208499525196,3192.973134800339,0.0189615961826963,1258883.5854116995,8.747814203416024e-05,1.4997893740488926
0.053039456987090734,5.527690958368003e-05,3.012308090810737e-05,1.8350350600692613,0.00655572033977292,7730.198417115506,3190.659968923986,0.019093755421041428,1249842.1602039644,8.722057456482972e-05,1.5193341603542674
0.05327523216477928,5.662188515043411e-05,3.070343896106999e-05,1.8441545008110352,0.006521553432134956,7663.23739125876,3188.4285676432182,0.0192255126196496,1240925.2898346093,8.697037930828018e-05,1.5381585225241203
0.05351100734246782,5.7965877629828286e-05,3.1283372811035764e-05,1.8529292854694936,0.006489599387688892,7596.325309442153,3186.2715332780285,0.019356867776260896,1232137.8987474812,8.672684979147555e-05,1.5563302301454944
0.053746782520156355,5.930888928675156e-05,3.186288343530616e-05,1.861378597676864,0.006459505193619398,7529.462058905801,3184.182555418101,0.019487820888610424,1223483.4588534096,8.648938439575529e-05,1.5739067470666936
0.05398255769784489,6.065092239105879e-05,3.244197181332539e-05,1.8695202233714627,0.006430973466069066,7462.647526642588,3182.1561915772972,0.019618371954428334,1214964.3140126644,8.625746505742734e-05,1.5909373315593418
0.05421833287553343,6.199197921757376e-05,3.302063892668178e-05,1.8773706758133677,0.0064037511894238655,7395.8815993980115,3180.1877024230785,0.019748520971439795,1206581.9228919854,8.603064128638847e-05,1.6074646140435436
0.05445410805322197,6.35937068741941e-05,3.371284117767594e-05,1.8863348401589113,0.0063620890666498805,7311.31464034896,3178.2729257967394,0.01987800629253691,1198337.0437276529,8.580851796176174e-05,1.62349388805937
0.054689883230910515,6.519427309518054e-05,3.440454150291708e-05,1.8949321876489147,0.006321181493707939,7226.809002011507,3176.4081788724966,0.02000708974998543,1190229.8768969493,8.559074586521779e-05,1.6390913238555649
0.05492565840859905,6.67936806173429e-05,3.5095741085144317e-05,1.9031847897241303,0.006280855251087512,7142.364539889375,3174.590181101976,0.020135771341048533,1182260.1763042945,8.537701423493279e-05,1.654285743394479
0.05516143358628759,6.839193218344334e-05,3.578644110966909e-05,1.9111129819769819,0.00624095836253139,7057.981109172017,3172.815992762559,0.02026405106298346,1174427.3373527722,8.516704483522849e-05,1.6691028293678796
0.05539720876397613,6.998903054219967e-05,3.647664276437664e-05,1.9187355315098098,0.006201356712258111,6973.658564734447,3171.082965391288,0.020391928913041493,1166730.4670879787,8.496058717976504e-05,1.6835655943650851
0.055632983941664674,7.158497844828818e-05,3.716634723972724e-05,1.9260697852968112,0.0061619313161537645,6889.3967611370845,3169.388701391833,0.020519404888467957,1159168.4405970434,8.475741464427717e-05,1.697694762885557
0.05586875911935321,7.317977866234658e-05,3.785555572875745e-05,1.9331318020185513,0.006122576100044878,6805.195552625604,3167.7310208060685,0.020646478986502213,1151739.9466905207,8.455732127348997e-05,1.7115090852514492
0.05610453429704175,7.477343395097694e-05,3.8544269427081356e-05,1.9399364694778942,0.006083196075443746,6721.054793130776,3166.1079337428696,0.020773151204377657,1144443.5251426597,8.436011913568549e-05,1.7250255977334148
0.05634030947473029,7.63659470867485e-05,3.923248953289184e-05,1.9464976094041802,0.0060437058299609315,6636.97433626832,3164.5176173186733,0.020899421539321724,1137277.5972208832,8.416563611364444e-05,1.7382598397733848
0.056576084652418826,7.79573208482001e-05,3.992021724696162e-05,1.952828071198273,0.006004028269116145,6552.9540353387765,3162.958396229513,0.021025289988555875,1130240.4908358266,8.397371404649903e-05,1.7512260366737955
0.056811859830107364,7.9547558019843e-05,4.060745377264441e-05,1.9589398159564229,0.005964093560699814,6468.993743327362,3161.428726270816,0.021150756549295595,1123330.4613463788,8.378420715616539e-05,1.7639372542561633
0.05704763500779591,8.127257309803302e-05,4.131843476255304e-05,1.966980926675627,0.005933318928195358,6395.312203642796,3159.9271802688777,0.02127568530704453,1116545.7088309827,8.359698070637656e-05,1.7763921792683612
0.05728341018548445,8.29963604417533e-05,4.2028909730294275e-05,1.974744550223958,0.005902279545050076,6321.683104871471,3158.4524359998154,0.021400212267443697,1109884.3924668564,8.341190985321545e-05,1.7886157148433104
0.057519185363172985,8.471892309313167e-05,4.273887992970938e-05,1.9822448139133475,0.005870924891532798,6248.106317073269,3157.0032657575966,0.02152433742745097,1103344.6425288261,8.322887865438109e-05,1.80061813781261
0.05775496054086153,8.644026410078941e-05,4.344834661731591e-05,1.9894949021222246,0.005839208665488026,6174.581710030714,3155.578527299055,0.021648060784017726,1096924.5704186428,8.304777921085877e-05,1.8124089940621986
0.05799073571855007,8.816038651984292e-05,4.415731105230851e-05,1.9965071336750693,0.005807088324714956,6101.109153248899,3154.177155945519,0.02177138233408885,1090622.2770570307,8.286851091968561e-05,1.823997171302227
0.058226510896238606,8.987929341190649e-05,4.486577449655992e-05,2.003293031725062,0.005774524690864954,6027.688515955371,3152.798157661381,0.021894302074602724,1084435.8599088127,8.269097982045041e-05,1.8353909626173035
0.058462286073927144,9.159698784509394e-05,4.557373821462176e-05,2.009863386973733,0.005741481605160741,5954.319667100059,3151.440602962182,0.022016820002491236,1078363.418862376,8.251509802128895e-05,1.8465981221923713
0.05869806125161568,9.331347289402065e-05,4.628120347372533e-05,2.0162283149572024,0.005707925627982631,5881.002475355185,3150.103621530486,0.02213893611467977,1072403.061145533,8.234078319263199e-05,1.8576259143658616
0.05893383642930422,9.502875163980545e-05,4.698817154378238e-05,2.0223973080386854,0.005673825775759936,5807.736809115187,3148.7863974385145,0.022260650408087213,1066552.9054283146,8.216795811896154e-05,1.8684811569663906
0.059169611606992766,9.674282717007246e-05,4.769464369738586e-05,2.0283792826693223,0.005639153289725173,5734.522536496637,3147.4881648932123,0.022381962879625933,1060811.0852378542,8.199655030044998e-05,1.8791702597309543
0.059405386784681304,9.845570257895224e-05,4.840062120981045e-05,2.0341826224122097,0.005603881431995612,5661.359525338198,3146.208204433019,0.022502873526201804,1055175.751789675,8.18264915976724e-05,1.8896992584739474
0.05964116196236984,0.00010027328536177142,4.910841977504184e-05,2.0418756258317416,0.005580225756889801,5600.532638876767,3144.945839516723,0.022623276440319497,1049645.07632292,8.16577179136545e-05,1.9000649079636986
0.05987693714005838,0.0001020896003615667,4.9815724643362246e-05,2.049344882412942,0.005556075504771006,5539.748179805594,3143.7004334539633,0.022743277597135975,1044217.2520130496,8.149016890840611e-05,1.9102817378011216
0.060112712317746925,0.00010390465088464475,5.052253710230539e-05,2.0566000213774593,0.005531410474284564,5479.006037476436,3142.4713866344387,0.022862876993344935,1038890.4955241012,8.132378774181546e-05,1.9203548214855906
0.06034848749543546,0.00010571844024422728,5.122885844209781e-05,2.063650127275765,0.005506211768396813,5418.306101009634,3141.2581340192273,0.022982074625633148,1033663.0482530962,8.11585208413907e-05,1.9302889636256495
0.060584262673124,0.000107530971760452,5.1934689955659284e-05,2.0705037779615054,0.005480461688596369,5357.648259294077,3140.0601428628124,0.02310087049068049,1028533.1773111998,8.099431769183439e-05,1.9400887197260774
0.06082003785081254,0.00010934224876037364,5.2640032938603184e-05,2.077169079432477,0.005454143640031096,5297.032400987175,3138.8769106388345,0.023219264585159886,1023499.1762797171,8.083113064386568e-05,1.949758414079526
0.06105581302850108,0.00011115227457796481,5.3344888689236834e-05,2.08365369783575,0.005427242046247263,5236.458414514818,3137.707963146252,0.023337256905737385,1018559.3657733423,8.066891474005628e-05,1.959302155981848
0.061291588206189615,0.00011296105255411677,5.4049258508561796e-05,2.0899648889026463,0.005399742272383392,5175.926188071366,3136.552852775749,0.023454847449072086,1013712.0938384766,8.050762755574986e-05,1.9687238544607615
0.06152736338387816,0.00011476858603663993,5.475314370027407e-05,2.09610952505117,0.005371630555828513,5115.435609619616,3135.4111569188467,0.02357203621181617,1008955.736210427,8.034722905338843e-05,1.9780272316826548
0.0617631385615667,0.00011657487838026434,5.545654557076427e-05,2.102094120368734,0.005342893943487316,5054.986566890802,3134.282476504454,0.023688823190614917,1004288.6964500109,8.018768144878376e-05,1.9872158351810687
0.061998913739255236,0.00011851531298368693,5.617478892901991e-05,2.1097598271964646,0.005324826729960023,5005.206775954018,3133.1664346494913,0.023805073002069632,999709.4059771677,8.002894908806132e-05,1.996282781970048
0.062234688916943774,0.0001204544205971346,5.6892541107756154e-05,2.11722693786854,0.005306250460443916,4955.461027537093,3132.0626754119066,0.023920921115430083,995216.3240168049,7.987099833416002e-05,2.0052417709357946
0.06247046409463232,0.00012239220484926185,5.7609803450103517e-05,2.1245030796757898,0.0052871550288856135,4905.749228550751,3130.9708626357874,0.024036367527067615,990807.9374700487,7.971379746190535e-05,2.0140958804757454
0.06270623927232086,0.00012432866937616224,5.832657730194612e-05,2.131595494323887,0.005267530886517168,4856.071285714864,3129.890678879508,0.02415141223334614,986482.7607221958,7.955731656079582e-05,2.0228480542684033
0.0629420144500094,0.00012626381782136878,5.9042864011921696e-05,2.138511061995131,0.005247369005789634,4806.427105558463,3128.8218244189306,0.02426605523062212,982239.3353972895,7.940152744473994e-05,2.031501109174767
0.06317778962769793,0.00012819765383585322,5.9758664931421446e-05,2.1452563236305866,0.00522666084738739,4756.816594419739,3127.7640163185265,0.024380296515244582,978076.2300675386,7.924640356806641e-05,2.040057742523618
0.06341356480538647,0.00013013018107802584,6.0473981414589883e-05,2.151837501584289,0.0052053983300017785,4707.2396584460585,3126.716987564436,0.024494136083555117,973992.039927147,7.909191994724615e-05,2.0485205388393997
0.06364933998307501,0.0001320614032137347,6.118881481832459e-05,2.1582605187866046,0.00518357380262305,4657.69620359398,3125.6804862528147,0.02460757393188788,969985.3864291385,7.893805308766923e-05,2.0568919760624267
0.06388511516076356,0.00013399132391626493,6.190316650227595e-05,2.1645310165407867,0.005161180019037569,4608.186135629269,3124.6542748306183,0.02472061005656959,966054.9169064702,7.878478091525584e-05,2.0651744313173976
0.06412089033845209,0.0001359199468663376,6.261703782884672e-05,2.1706543710651443,0.0051382101143962996,4558.7093601269335,3123.638129381841,0.024833244453919514,962199.3041634505,7.863208271218358e-05,2.0733701862525327
0.06435666551614064,0.00013784727575210954,6.333043016319196e-05,2.176635708882761,0.005114657583603126,4509.265782471222,3122.6318389570415,0.024945477120249502,958417.2460551674,7.847993905656336e-05,2.0814814320088595
0.06459244069382918,0.00013990010262739761,6.404350492247405e-05,2.1844541893319156,0.005098833816168357,4467.142405860975,3121.635204941893,0.025057181263505736,954707.4650531732,7.832833176564965e-05,2.0895015294905024
0.06482821587151771,0.00014195155813763818,6.475610332117605e-05,2.19209542973254,0.005082514321593737,4425.047169240056,3120.6480404616523,0.02516848375304278,951068.7078015372,7.817724384229008e-05,2.097441386831446
0.06506399104920625,0.0001440016462375394,6.546822673301466e-05,2.199565398720682,0.005065693821873583,4382.979991459071,3119.6701698186966,0.025279384584905924,947499.7446660106,7.802665942434952e-05,2.1053029449266862
0.06529976622689479,0.00014605037088972805,6.617987653445723e-05,2.206869799971377,0.00504836730403319,4340.940791206137,3118.7014279605273,0.025389883755132545,943999.369278678,7.787656373686058e-05,2.1130880710844777
0.06553554140458333,0.00014809773606474773,6.689105410472108e-05,2.214014086740116,0.005030530006503748,4298.929487006918,3117.741659975904,0.025499981259752096,940566.3980801575,7.772694304668348e-05,2.1207985625108954
0.06577131658227187,0.00015014374574105673,6.760176082577282e-05,2.221003475457036,0.005012177406472358,4256.945997224672,3116.7907206169903,0.02560967709478612,937199.6698611298,7.757778461947423e-05,2.1284361495710713
0.0660070917599604,0.00015218840390502592,6.831199808232758e-05,2.2278429584450596,0.004993305208123955,4214.990240060296,3115.8484738456114,0.025718971256248252,933898.0453047266,7.742907667878488e-05,2.136002498844903
0.06624286693764894,0.0001542317145509363,6.902176726184819e-05,2.234537315827147,0.004973909331700399,4173.062133552369,3114.914792401882,0.025827863740144195,930660.4065311123,7.728080836713127e-05,2.143499215993405
0.0664786421153375,0.0001562736816809765,6.973106975454426e-05,2.2410911266823406,0.004953985903309236,4131.161595577213,3113.989557393626,0.025936354542471778,927485.656645351,7.713296970888287e-05,2.1509278484503405
0.06671441729302603,0.0001583143093052399,7.043990695337129e-05,2.2475087795053215,0.004933531245420805,4089.288543848942,3113.072657905174,0.0260444436592209,924372.7192895868,7.698555157484019e-05,2.158289887952484
0.06695019247071457,0.00016050785831523437,7.116000534880296e-05,2.255590869175425,0.004919802879689377,4053.425242935547,3112.163990624221,0.02615197682950005,921320.53820029,7.683854564838033e-05,2.165576866868199
0.06718596764840311,0.0001626999751484207,7.187963358914951e-05,2.26350590597586,0.004905619021051536,4017.5853573128966,3111.2634594855626,0.026259108406871776,918328.0767713243,7.669194439305856e-05,2.1728002132155426
0.06742174282609165,0.00016489066414371477,7.259879309879048e-05,2.2712590265699872,0.004890976620568923,3981.7688160421403,3110.3709753306366,0.026365838386997152,915394.3176233694,7.654574102156822e-05,2.1799612608969117
0.06765751800378018,0.00016707992964852195,7.331748530489239e-05,2.278855159225884,0.004875872779399134,3945.9755480456283,3109.486455581867,0.026472166765528774,912518.2621802198,7.639992946596453e-05,2.1870612970400236
0.06789329318146872,0.00016926777601873353,7.403571163740744e-05,2.2862990342786,0.004860304742479105,3910.205482106972,3108.6098239309085,0.02657809353811076,909698.9302523423,7.625450434907239e-05,2.194101563873813
0.06812906835915726,0.00017145420761872248,7.475347352907227e-05,2.2935951939683776,0.004844269892603094,3874.4585468711107,3107.741010039973,0.026683618700378726,906935.3596280104,7.610946095699923e-05,2.2010832605025223
0.0683648435368458,0.0001736392288213393,7.547077241540649e-05,2.3007480016978445,0.004827765744865826,3838.7346708443824,3106.879949255462,0.02678874224795983,904226.6056723021,7.596479521268542e-05,2.208007544585061
0.06860061871453435,0.00017582284400790793,7.618760973471136e-05,2.3077616507478167,0.00481078994144517,3803.033782394588,3106.026582333194,0.026893464176472745,901571.7409339385,7.58205036504245e-05,2.2148755339261195
0.06883639389222289,0.00017800505756822066,7.690398692806818e-05,2.3146401724882866,0.004793340246692274,3767.3558097510754,3105.180855174783,0.02699778448152768,898969.8547617181,7.567658339132052e-05,2.221688307985215
0.06907216906991143,0.00018018587390053437,7.761990543933693e-05,2.3213874441184017,0.004775414542533857,3731.7006810048024,3104.342718573834,0.02710170315872637,896420.0529249436,7.553303211953667e-05,2.2284469093077064
0.06930794424759996,0.00018236529741156478,7.833536671515451e-05,2.328007195966633,0.0047570108241112505,3696.068324108428,3103.512127972932,0.02720522020366211,893921.457249446,7.538984805947565e-05,2.2351523448883586
0.0695437194252885,0.00018469567482341914,7.90538692867439e-05,2.3363268172680036,0.0047444256159751294,3665.3245360507376,3102.6890432290365,0.02730818326961279,891473.2052550573,7.524702995361109e-05,2.24179642824026
0.06977949460297704,0.00018702457145035106,7.977191530233968e-05,2.3444914258548044,0.004731426361085076,3634.6002834286305,3101.8734283882477,0.02741074479126415,889074.4498051946,7.510457704110914e-05,2.2483893634149625
0.07001526978066558,0.00018935199203442245,8.048950622401562e-05,2.352505325444841,0.004718011361268385,3603.8955036818775,3101.0652514688845,0.027512904763874135,886724.3587639662,7.496248903712077e-05,2.254932055073359
0.07025104495835412,0.00019167794132672307,8.120664351662895e-05,2.36037266196666,0.004704179007757431,3573.2101341311477,3100.264484252617,0.027614663182691655,884422.1146616268,7.482076611272922e-05,2.2614253772554687
0.07048682013604265,0.00019400242408736457,8.192332864781854e-05,2.3680974307253138,0.004689927778176405,3542.544111978087,3099.471102083265,0.027716020042956594,882166.9143683375,7.46794088755176e-05,2.267870174440864
0.0707225953137312,0.00019632544508547373,8.263956308800281e-05,2.3756834831811355,0.004675256233694095,3511.8973743054103,3098.6850836729313,0.02781697533989983,879957.9687761312,7.453841835072799e-05,2.274267262560505
0.07095837049141973,0.0001986470090991857,8.335534831037763e-05,2.383134533365682,0.004660163016331835,3481.2698580769866,3097.9064109151473,0.027917529068743223,877794.5024890176,7.439779596298418e-05,2.2806174299649262
0.07119414566910828,0.0002009671209156378,8.407068579091443e-05,2.390454163957307,0.004644646846416819,3450.6615001379228,3097.135068704734,0.02801768122469964,875675.7535210969,7.425754351855303e-05,2.286921438348135
0.07142992084679682,0.0002032857853309615,8.47855770083577e-05,2.3976458320372425,0.00462870652017147,3420.072237214671,3096.3710447640983,0.028117431802972947,873600.9730026007,7.411766318812015e-05,2.293180023633091
0.07166569602448536,0.00020560300715027603,8.550002344422308e-05,2.404712874545625,0.004612340907430477,3389.5020059151093,3095.6143294757226,0.028216780798758025,871569.4248936909,7.397815749005935e-05,2.299393896819137
0.0719014712021739,0.00020791879118768034,8.621402658279479e-05,2.4116585134555524,0.004595548949477384,3358.9507427286508,3094.864915720576,0.02831572820724078,869580.38570595,7.383902927417501e-05,2.3055637447941995
0.07213724637986244,0.00021036760832321232,8.692387504265954e-05,2.4201361043783476,0.004583628897011999,3332.2708999480883,3094.122798722253,0.028414139557541167,867633.1442313708,7.370028170589917e-05,2.311682582551433
0.07237302155755097,0.00021281491435637943,8.763328547321175e-05,2.428471250475185,0.00457133413121196,3305.607520615504,3093.3879758966114,0.028512149393859678,865727.0012787656,7.356191825092499e-05,2.3177587744583334
0.07260879673523951,0.00021526071440943989,8.8342259359261e-05,2.4366675243615887,0.004558663736403725,3278.9605489239375,3092.6604467067104,0.028609757711074064,863861.2694173882,7.342394266026254e-05,2.3237929375223545
0.07284457191292806,0.00021770501361411966,8.90507981883613e-05,2.44472838024009,0.004545616855049395,3252.329928963275,3091.9402125228635,0.02870696450405259,862035.2727276837,7.328635895570018e-05,2.329785667644559
0.07308034709061659,0.00022014781711160298,8.975890345080836e-05,2.4526571587659065,0.004532192686192735,3225.715604720356,3091.2272764876393,0.028803769767654072,860248.3465589876,7.314917141565759e-05,2.335737540280345
0.07331612226830514,0.00022258913005252458,9.046657663963739e-05,2.4604570916746558,0.004518390483982429,3199.1175200790576,3090.521643385626,0.028900173496727882,858499.8372940279,7.30123845614194e-05,2.3416491110753572
0.07355189744599368,0.00022502895759695808,9.117381925061964e-05,2.4681313061855605,0.00450420955626819,3172.5356188204196,3089.8233195178213,0.02899617568611394,856789.1021200966,7.287600314373504e-05,2.34752091647791
0.07378767262368222,0.00022746730491440793,9.188063278226014e-05,2.475682829192772,0.004489649263265489,3145.969844622733,3089.132312580485,0.029091776330642742,855115.5088067239,7.274003212977485e-05,2.353353474329181
0.07402344780137075,0.00022990417718379881,9.258701873579459e-05,2.48311459125659,0.004474709016285008,3119.4201410616556,3088.4486315483236,0.029186975425135372,853478.4354897254,7.260447669043156e-05,2.359147284432361
0.07425922297905929,0.00023233957959346545,9.329297861518639e-05,2.4904294304056536,0.004459388276523299,3092.886451610322,3087.7722865618616,0.029281772964403485,851877.2704614522,7.246934218795652e-05,2.364902829101815
0.07449499815674783,0.00023492581279391727,9.400456914155347e-05,2.499089298948464,0.004448535103189788,3069.7144641387267,3087.103288818889,0.029376016647796575,850311.4119671163,7.233463416392323e-05,2.3706122757417707
0.07473077333443637,0.00023751049521903293,9.471573297900574e-05,2.5076139702332076,0.0044373467197576805,3046.5563712171875,3086.4416504698465,0.029469858856880766,848780.2680070397,7.220035832750635e-05,2.376284441859867
0.0749665485121249,0.00024009363241171933,9.542647165264931e-05,2.516006599150558,0.004425822644104899,3023.412123182677,3085.7873845170484,0.029563299586113142,847283.2561446682,7.206652054407201e-05,2.381919758560259
0.07520232368981344,0.00024267522992483655,9.613678669032886e-05,2.5242702432579756,0.004413962435377,3000.2816702829914,3085.140504717612,0.029656338829940853,845819.803320231,7.193312682406724e-05,2.387518641533467
0.075438098867502,0.0002452552933211861,9.684667962262439e-05,2.532407866504614,0.004401765693101798,2977.1649626768526,3084.5010254900203,0.029748976582801095,844389.3456698874,7.180018331220486e-05,2.393081491517863
0.07567387404519053,0.0002478338281734978,9.755615198284767e-05,2.54042234278646,0.004389232056344797,2954.0619504340275,3083.868961824182,0.02984121283912114,842991.328350221,7.166769627693466e-05,2.398608694746589
0.07590964922287907,0.0002504108400644185,9.826520530703904e-05,2.5483164593406777,0.004376361202903125,2930.9725835354297,3083.2443291949103,0.029933047593318333,841625.2053679633,7.153567210019462e-05,2.4041006233806255
0.07614542440056761,0.00025298633458649807,9.897384113396368e-05,2.5560929199875595,0.004363152848536053,2907.8968118732437,3082.627143478733,0.030024480839800135,840290.4394147699,7.140411726743788e-05,2.409557635928644
0.07638119957825615,0.000255560317342177,9.96820610051081e-05,2.5637543482280236,0.004349606746230066,2884.8345852510365,3082.0174208739195,0.030115512572964097,838986.5017069784,7.127303835792542e-05,2.4149800776542762
0.07661697475594469,0.00025813279394377303,0.00010038986646467642,2.5713032902041033,0.004335722685496743,2861.785853383879,3081.415177823666,0.030206142787197902,837712.8718301477,7.114244203528354e-05,2.420368280971394
0.07685274993363322,0.00026070377001346726,0.00010109725905958677,2.578742217529442,0.004321500491701679,2838.750565898466,3080.8204309423363,0.030296371476879375,836469.0375883062,7.101233503831694e-05,2.4257225658279147
0.07708852511132176,0.00026339987622785925,0.00010179828689290245,2.587468652640204,0.0043110397355906,2818.4089212801355,3080.2331969446823,0.03038607201133191,835254.4948577494,7.088272417207406e-05,2.431036615602082
0.0773243002890103,0.000266094419793026,0.00010249890841410966,2.59607076709508,0.004300277170121572,2798.079066573877,3079.65349257797,0.030475371083349436,834068.7474452709,7.075361629915988e-05,2.4363173995925633
0.07756007546669885,0.00026878740663917295,0.00010319912516515028,2.6045512130943997,0.004289212628454589,2777.760957037338,3079.0813345569263,0.03056426868700174,832911.3069507227,7.062501833128962e-05,2.4415652013505005
0.07779585064438738,0.0002714788427067953,0.0001038989386906417,2.612912568001503,0.004277845974115246,2757.4545478505333,3078.5167395014387,0.03065276481634833,831781.6926337447,7.049693722108118e-05,2.4467802934272305
0.07803162582207593,0.0002741687339466637,0.00010459835053787301,2.621157336963861,0.004266177100492857,2737.159794115951,3077.9597238769384,0.030740859465438444,830679.4312846008,7.03693799540791e-05,2.4519629377068184
0.07826740099976447,0.00027685708631980605,0.00010529736225680044,2.629287955424788,0.004254205930359931,2716.876650858689,3077.4103039373886,0.03082855262831104,829604.0570989577,7.024235354100887e-05,2.4571133857298535
0.078503176177453,0.0002795439057974937,0.00010599597540004356,2.637306791531057,0.0042419324154119005,2696.6050730265615,3076.868495670814,0.030915844298994858,828555.1115565128,7.011586501025464e-05,2.462231879008891
0.07873895135514154,0.00028222919836122366,0.00010669419152288085,2.645216148441397,0.004229356535825967,2676.345015490231,3076.334314747311,0.031002734471508392,827532.1433033806,6.998992140055756e-05,2.467318649335859
0.07897472653283008,0.0002849129700027026,0.00010739201218324542,2.653018266540617,0.004216478299836249,2656.0964330433303,3075.807776469516,0.031089223139859942,826534.708038497,6.98645297539379e-05,2.4723739190817686
0.07921050171051862,0.0002875952267238293,0.00010808943894172048,2.6607153255638094,0.004203297743336311,2635.8592804025943,3075.2888957251553,0.031175310298047598,825562.3684015289,6.97396971087939e-05,2.4773979014890006
0.07944627688820716,0.0002904091658210862,0.00010878841364873183,2.669486171190911,0.004193726579168979,2618.075491673123,3074.777686942422,0.0312608627487749,824614.6938683044,6.961543049328233e-05,2.4823840517363216
0.07968205206589571,0.00029322152736234046,0.00010948699649518525,2.6781402061315567,0.004183886036669702,2600.301672925833,3074.2741640470254,0.03134601375197396,823691.2606454259,6.949173691883024e-05,2.4873393585217958
0.07991782724358423,0.0002960323176796784,0.00011018518905395344,2.6866797635998316,0.004173776124739873,2582.537784142629,3073.7783404216934,0.0314307633013127,822791.6515701957,6.936862337388687e-05,2.4922640083779006
0.08015360242127278,0.00029884154311581165,0.00011088299290054851,2.6951071151537556,0.004163396875885105,2564.783785238263,3073.2902288677187,0.0315151113904484,821915.4560132561,6.924609681786438e-05,2.497158179838387
0.08038937759896131,0.00030164921002405644,0.00011158040961311666,2.7034244727185204,0.004152748345909193,2547.0396360604695,3072.809841568554,0.03159905801302776,821062.2697842403,6.912416417527526e-05,2.5020220436962024
0.08062515277664986,0.00030445532476831594,0.0001122774407724339,2.7116339905305815,0.004141830613619927,2529.305296390072,3072.3371900554116,0.031682603162686854,820231.6950403933,6.90028323300595e-05,2.506855763255955
0.0808609279543384,0.0003072598937230589,0.00011297408796190064,2.7197377670061753,0.004130643780546412,2511.5807259411226,3071.8722851747953,0.03176574683305125,819423.3401980047,6.888210812010072e-05,2.511659494580717
0.08109670313202694,0.0003100629232733001,0.00011367035276753697,2.7277378465376834,0.004119187970666963,2493.865884361023,3071.415137057925,0.0318484890177359,818636.8198466396,6.876199833192703e-05,2.5164333867333024
0.08133247830971548,0.00031286441981458006,0.00011436623677797751,2.735636221221066,0.00410746333014746,2476.160731230653,3070.965755091993,0.03193082971034526,817871.7546660079,6.864250969559279e-05,2.5211775820122613
0.08156825348740401,0.0003156643897529441,0.0001150617415844662,2.7434348325174325,0.004095470027089247,2458.4652260645043,3070.524147893204,0.03201276890447331,817127.7713454427,6.852364887973954e-05,2.525892216182715
0.08180402866509255,0.00031846283950492135,0.0001157568687808512,2.7511355728516587,0.004083208251286314,2440.7793283108113,3070.0903232815504,0.03209430659370351,816404.5025058823,6.840542248683106e-05,2.530577418702199
0.08203980384278109,0.0003213705669401281,0.00011644625890675346,2.7598187349021805,0.0040743016093263565,2425.259851722294,3069.6642882572683,0.03217533198016625,815701.5866242587,6.828783704856241e-05,2.535227867282222
0.08227557902046964,0.0003242767273457583,0.00011713527750721493,2.768395091954979,0.004065155250791569,2409.748738874661,3069.2460489789296,0.032255955908574316,815018.6679602546,6.817089902143544e-05,2.539849155860222
0.08251135419815817,0.0003271813274250734,0.00011782392617150502,2.7768666183201773,0.0040557693159693,2394.2459539904476,3068.8356107431146,0.03233617837222446,814355.3964853024,6.805461478250268e-05,2.5444413956154395
0.08274712937584672,0.00033008437389214475,0.00011851220649145603,2.785235240016746,0.004046143963839357,2378.7514612344967,3068.4329779656364,0.03241599936440261,813711.4278137889,6.793899062527276e-05,2.549004692294364
0.08298290455353526,0.0003329858734718275,0.00011920012006145702,2.7935028362399903,0.0040362793718884205,2363.265224714093,3068.038154164245,0.03249541887838392,813086.423136371,6.782403275577634e-05,2.5535391464132244
0.0832186797312238,0.000335885832899739,0.00011988766847844859,2.8016712407758515,0.004026175735930797,2347.7872084790806,3067.651141942789,0.032574436907432766,812480.049155327,6.770974728878918e-05,2.5580448534563107
0.08345445490891233,0.00033878425892223377,0.00012057485334191705,2.8097422433642527,0.004015833269935154,2332.3173765219954,3067.2719429767735,0.03265305344480278,811891.9780218881,6.759614024420956e-05,2.5625219040702207
0.08369023008660087,0.00034168115829637957,0.0001212616762538887,2.81771759101361,0.004005252205856963,2316.855692778193,3066.900558000287,0.032731268483736906,811321.8872754679,6.748321754358626e-05,2.5669703842541347
0.08392600526428942,0.0003445765377899327,0.00012194813881892397,2.8255989892685522,0.003994432793476347,2301.402121125981,3066.5369867942327,0.0328090820174674,810769.4597847174,6.737098500679579e-05,2.5713903755462235
0.08416178044197795,0.0003474704041813121,0.00012263424264411128,2.833388103432766,0.003983375300240915,2285.9566253867574,3066.181228175846,0.03288649403921581,810234.3836903613,6.725944834886514e-05,2.5757819552062524
0.0843975556196665,0.0003503627642595762,0.0001233199893390615,2.841086559748826,0.0039720800111135495,2270.5191693251345,3065.83327998944,0.0329635045421931,809716.3523497173,6.714861317693642e-05,2.580145196394514
0.08463333079735502,0.0003533276279821625,0.00012399383875710254,2.8495579419418804,0.003963729216282837,2256.9015036784544,3065.49313909834,0.03304003951644185,809215.0642828695,6.703848498737279e-05,2.58447662590192
0.08486910597504357,0.0003562909607898421,0.00012466734023128663,2.857933442141625,0.003955164375194902,2243.290869547987,3065.160801377981,0.03311617299652126,808730.223120403,6.692906916300063e-05,2.5887798692846937
0.08510488115273211,0.0003592527696780379,0.00012534049535152216,2.866214695182909,0.003946385715223818,2229.6872348036445,3064.836261710109,0.03319190497543591,808261.5375526602,6.682037097048687e-05,2.593054988089395
0.08534065633042065,0.00036221306165297673,0.00012601330571017296,2.874403299013967,0.0039373934790364945,2216.0905672657173,3064.519513978062,0.033267235446179586,807808.7212804452,6.67123955578481e-05,2.597302040452815
0.08557643150810919,0.00036517184373166116,0.00012668577290205204,2.8825008157308734,0.003928187924473751,2202.500834705002,3064.2105510630918,0.03334216440173527,807371.4929671253,6.660514795208806e-05,2.601521081263233
0.08581220668579773,0.0003681291229418419,0.00012735789852441517,2.890508772577381,0.00391876932443456,2188.9180048429303,3063.9093648416806,0.03341669183507522,806949.576192078,6.649863305696269e-05,2.6057121623184085
0.08604798186348626,0.00037108490632198934,0.00012802968417695445,2.8984286629114817,0.003909137966763393,2175.3420453516956,3063.6159461838283,0.033490817739160975,806542.6994054076,6.639285565086838e-05,2.609875332480358
0.0862837570411748,0.00037403920092126525,0.00012870113146179197,2.9062619471399738,0.00389929415414041,2161.772923854389,3063.330284952267,0.03356454210694337,806150.5958839002,6.628782038485167e-05,2.61401063782696
0.08651953221886335,0.00037699201379949376,0.0001293722419834731,2.91401005362227,0.003889238203974287,2148.2106079251253,3063.0523700025715,0.03363786493136255,805773.0036881501,6.618353178073783e-05,2.618118121800452
0.08675530739655188,0.0003799433520271316,0.0001300430173489598,2.9216743795446143,0.003878970448297671,2134.6550650891872,3062.7821891841313,0.033710786205348106,805409.6656208062,6.607999422937475e-05,2.6221978253528673
0.08699108257424043,0.0003829584479449219,0.00013070651624830573,2.929910909854014,0.0038714388484516367,2122.7224495501214,3062.519729341956,0.03378324069655926,805060.32918595,6.597721198899305e-05,2.6262467302547385
0.08722685775192895,0.00038597205109185877,0.0001313696866500366,2.9380602248072063,0.0038637161698331555,2110.7957418365995,3062.2649763192653,0.03385529365545704,804724.7465493671,6.587518918367306e-05,2.6302679433748453
0.0874626329296175,0.00038898416872715875,0.00013203253015160813,2.9461237187570553,0.0038558026794874908,2098.8749132193734,3062.017914960826,0.03392694507478221,804402.6744997064,6.577392980192027e-05,2.6342614987826707
0.08769840810730604,0.0003919948081207832,0.00013269504835284045,2.954102756558453,0.0038476986572998596,2086.959934926671,3061.778529116986,0.03399819494726482,804093.8744101976,6.567343769534009e-05,2.6382274286160854
0.08793418328499458,0.0003950039765534077,0.0001333572428559116,2.9619986743442004,0.003839404395896533,2075.050778144316,3061.546801648858,0.03406904326562419,803798.1122049674,6.557371657748408e-05,2.6421657632117967
0.08816995846268312,0.00039801168131639033,0.00013401911526535025,2.9698127802765284,0.0038309202005875386,2063.1474140158566,3061.3227144331804,0.03413949002256897,803515.1583180064,6.547477002264762e-05,2.6460765312335552
0.08840573364037166,0.0004010179297117387,0.00013468066718802873,2.977546355275137,0.00382224638927018,2051.249813642693,3061.106248368838,0.03420953521079714,803247.8829928995,6.537634953488866e-05,2.6499597597965145
0.08864150881806021,0.0004040227290520782,0.00013534190023315582,2.9852006537226186,0.0038133832923542624,2039.357948084204,3060.897383383495,0.03427917882299609,803002.5744380141,6.527793017233035e-05,2.653815474590624
0.08887728399574873,0.000407026086660618,0.00013600281601226937,2.992776904148062,0.0038043312526845298,2027.4717883578828,3060.696098440909,0.034348420851842594,802769.321157028,6.518030510322412e-05,2.65764369999607
0.08911305917343729,0.0004100280098711198,0.00013666341613922941,3.0002763098896423,0.0037950906254642664,2015.591305439459,3060.5023715488237,0.03441726129000291,802547.9111301855,6.508347733252403e-05,2.661444459206017
0.08934883435112581,0.00041302850602786194,0.0001373237022302103,3.0077000497369233,0.0037856617781799806,2003.7164702630414,3060.31617976738,0.03448570013013273,802338.1366790757,6.498744972036352e-05,2.6652177743366643
0.08958460952881436,0.0004160450010495699,0.00013796584300496524,3.0155652441785676,0.0037786529193130558,1993.2228719887842,3060.13749921805,0.034553719946313365,802139.7944354046,6.489222498151558e-05,2.6689628669084335
0.0898203847065029,0.0004190600755346929,0.00013860768138092397,3.0233539105457288,0.0037714730076547137,1982.734215390263,3059.9663050930562,0.03462133815794633,801952.6853103049,6.479780568493959e-05,2.6726805600383234
0.09005615988419144,0.00042207373690169604,0.0001392492189373031,3.0310671766980217,0.003764122345470535,1972.2504746605753,3059.8025716652473,0.03468855475761319,801776.6144641369,6.470419425341199e-05,2.6763708732176843
0.09029193506187998,0.000425085992579485,0.00013989045725554177,3.0387061485042444,0.003756601245911008,1961.7716239564988,3059.6462722984174,0.034755369737885025,801611.391276764,6.461139296323954e-05,2.6800338252932354
0.09052771023956852,0.0004280968500073703,0.00014053139791929403,3.046271910375663,0.003748910032949531,1951.2976373986153,3059.4973794580433,0.034821783091322514,801456.8293182463,6.451940394405253e-05,2.6836694345680545
0.09076348541725707,0.00043110631663503216,0.00014117204251442144,3.0537655257838496,0.0037410490413209924,1940.828489071433,3059.3558647224113,0.034887794810476006,801312.7463199315,6.442822917867594e-05,2.6872777189000225
0.09099926059494559,0.0004341143999224831,0.000141812392628985,3.061188037763595,0.0037330186164608687,1930.3641530235175,3059.2216987941183,0.03495340488788546,801178.9641459069,6.433787050307658e-05,2.690858695797742
0.09123503577263414,0.00043712110734003373,0.00014245244985323796,3.0685404694013965,0.0037248191144447387,1919.9046032676085,3059.0948515119294,0.03501861331608059,801055.3087647886,6.424832960638441e-05,2.6944123825139514
0.09147081095032267,0.00044012644636825317,0.00014309221577961742,3.0758238243099902,0.0037164509019282964,1909.4498137807607,3058.9752918629592,0.0350834200875808,800941.6102217877,6.415960803098566e-05,2.6979387961364605
0.09170658612801122,0.0004431304244979344,0.00014373169200273685,3.0830390870894124,0.0037079143560875263,1898.9997585044616,3058.8629879951745,0.03514782519489531,800837.7026110806,6.407170717268662e-05,2.7014379536766033
0.09194236130569976,0.0004461282346962838,0.00014435397886930246,3.090515676746303,0.003701665143301162,1889.807902676351,3058.7579072301833,0.03521183344505691,800743.424048382,6.398462828094501e-05,2.7049100894879
0.0921781364833883,0.0004491247011662483,0.00014497598680409096,3.097924774074204,0.003695262734489897,1880.6201669748557,3058.660016076303,0.03527544001386268,800658.6166437551,6.389837245916844e-05,2.7083550025629344
0.09241391166107683,0.00045211983141700253,0.00014559771736586037,3.105267304987401,0.003688707438070828,1871.436528375419,3058.569280241883,0.0353386448938034,800583.1264746006,6.38129406650771e-05,2.711772710202568
0.09264968683876537,0.0004551136329677762,0.00014621917211545592,3.1125441786007007,0.0036819995718018225,1862.2569638226537,3058.4856646488743,0.03540144807735988,800516.803558796,6.372833371112968e-05,2.715163229960372
0.09288546201645391,0.0004581061133478145,0.00014684035261580195,3.1197562876086162,0.0036751394627312648,1853.0814502304636,3058.4091334466134,0.03546384955700284,800459.5018279833,6.364455226501015e-05,2.7185265797189926
0.09312123719414245,0.00046109728009633945,0.00014746126043189379,3.126904508654333,0.0036681274471479187,1843.90996448216,3058.33965002582,0.035525849325193086,800411.0791009493,6.356159685017408e-05,2.721862777764155
0.093357012371831,0.0004640871407625109,0.00014808189713078955,3.1339897026887615,0.003660963870530768,1834.7424834305848,3058.2771770327863,0.03558744737438146,800371.3970571045,6.34794678464531e-05,2.7251718428562963
0.09359278754951952,0.00046707570290538533,0.00014870226428160182,3.141012715319993,0.003653649087498918,1825.578983898234,3058.2216763837428,0.035648643697008875,800340.3212100157,6.339816549071495e-05,2.7284537942998637
0.09382856272720808,0.0004700629740938778,0.0001493223634554896,3.1479743771534623,0.0036461834617613825,1816.4194426773752,3058.173109279388,0.03570943828550644,800317.7208809875,6.331768987757884e-05,2.7317086520102807
0.0940643379048966,0.0004730489619067192,0.0001499421962256494,3.1548755041230914,0.003638567366066913,1807.2638365301796,3058.131436219564,0.03576983113229542,800303.4691726526,6.323804096018324e-05,2.7349364365786064
0.09430011308258515,0.0004760336739324178,0.0001505617641673074,3.161716897813705,0.0036308011821535946,1798.112142188838,3058.0966170180754,0.0358298222297873,800297.4429425783,6.31592185510057e-05,2.7381371693338834
0.09453588826027369,0.0004789624944179899,0.0001511543009098981,3.1686990812355096,0.003625180558793456,1790.09772439697,3058.0686108176224,0.035889466193735065,800299.5227768361,6.308122232273264e-05,2.7413132972878267
0.09477166343796223,0.0004818900774023542,0.00015174658729063208,3.175623821308192,0.003619422977110627,1782.086692900625,3058.0473761048506,0.035948708370099815,800309.5929635427,6.300405180917754e-05,2.744462410548613
0.09500743861565077,0.00048481643036362945,0.0001523386248224257,3.182491839668096,0.0036135287483090406,1774.0790272366953,3058.0328707255,0.0360075487514034,800327.541466349,6.292770640624691e-05,2.7475845331291673
0.0952432137933393,0.0004877415607893683,0.00015293041502010372,3.18930384596976,0.003607498191592459,1766.0747069162585,3058.0250518996336,0.036065987330158304,800353.2598978442,6.285218537295145e-05,2.750679690004562
0.09547898897102786,0.0004906654761765156,0.0001535219594003912,3.1960605381334473,0.0036013316341200366,1758.073711424692,3058.0238762369827,0.036124024098867544,800386.6434931261,6.277748783246709e-05,2.7537479071631794
0.09571476414871638,0.0004935881840313654,0.0001541132594819046,3.2027626025865783,0.0035950294109676362,1750.0760202217896,3058.0292997522065,0.03618165905002485,800427.591082017,6.270361277321513e-05,2.756789211655688
0.09595053932640493,0.0004965096918695206,0.0001547043167851437,3.209410714499213,0.0035885918650766847,1742.0816127418723,3058.0412778805035,0.03623889217611461,800476.0050637354,6.263055905003328e-05,2.759803631641807
0.09618631450409346,0.0004994300072158477,0.00015529513283248236,3.216005538013773,0.003582019347215423,1734.0904683939123,3058.05976549297,0.03629572346961196,800531.7913787697,6.255832538533708e-05,2.7627911964348977
0.09642208968178201,0.0005023491376044364,0.0001558857091481605,3.222547726469154,0.0035753122159333226,1726.1025665616432,3058.0847169121485,0.03635215292298283,800594.8594819935,6.248691037034691e-05,2.7657519365444054
0.09665786485947055,0.000505267090578554,0.0001564760472582747,3.2290379226193973,0.003568470837516604,1718.1178866036864,3058.116085927571,0.03640818052868391,800665.1223153307,6.241631246634819e-05,2.7686858837161323
0.09689364003715908,0.0005081838736906031,0.0001570661486907698,3.2354767588470654,0.0035614955859434054,1710.136407853663,3058.1538258113314,0.03646380627916283,800742.4962802667,6.234653000598848e-05,2.771593070970409
0.09712941521484762,0.0005110054061775247,0.00015762388833122164,3.2419286923294757,0.003556391082174942,1703.1179185523802,3058.1978893336586,0.03651912425518264,800826.9012101579,6.227756119461107e-05,2.774477646673896
0.09736519039253616,0.0005138258211980414,0.00015818140707919262,3.2483325991707575,0.0035511633441110413,1696.1022089199625,3058.2482287785037,0.03657404032358461,800918.260342377,6.220940411162344e-05,2.7773355200748275
0.09760096557022471,0.0005166451260871008,0.00015873870638460083,3.254689028618796,0.00354581268091448,1689.0892607109179,3058.3047959591177,0.03662855447703381,801016.500290242,6.214205671189983e-05,2.7801667283980835
0.09783674074791324,0.0005194633281883174,0.0001592957876990776,3.2609985216283617,0.003540339408648862,1682.0790556581942,3058.367542233625,0.036682666708186616,801121.5510147508,6.207551682721685e-05,2.782971310270781
0.09807251592560179,0.0005222804348539315,0.0001598526524759593,3.2672616110169255,0.003534743850239127,1675.0715754732832,3058.4364185205754,0.03673637700969078,801233.3457960912,6.200978216772112e-05,2.7857493057511102
0.09830829110329031,0.0005250964534447621,0.0001604093021702781,3.2734788216169677,0.003529026335431675,1668.0668018463377,3058.5113753144815,0.036789685374185484,801351.8212049442,6.194485032342799e-05,2.7885007563539688
0.09854406628097886,0.0005279113913301648,0.0001609657382387537,3.279650670424883,0.0035231872007542293,1661.0647164462753,3058.5923627013185,0.03684259179430139,801476.9170735409,6.188071876575035e-05,2.791225705074826
0.0987798414586674,0.0005307252558879856,0.00016152196213978397,3.28577766674656,0.0035172267894752886,1654.0653009208947,3058.679330373999,0.03689509626266063,801608.5764664995,6.181738484905687e-05,2.7939241964116013
0.09901561663635594,0.0005335380545045165,0.0001620779753334364,3.2918603123397268,0.0035111454515632332,1647.0685368969848,3058.7722276478025,0.03694719877187693,801746.7456514232,6.175484581225852e-05,2.7965962763845833
0.09925139181404448,0.0005363497945744503,0.0001626337792814391,3.297899101553144,0.0035049435436451193,1640.0744059804383,3058.871003475762,0.03699889931455559,801891.3740692438,6.169309878042261e-05,2.7992419925544
0.09948716699173302,0.0005390403579175339,0.00016315578148589456,3.303838533997252,0.0035004597460514216,1633.9409775033848,3058.975606464004,0.03705031800887686,802042.4143043316,6.163214076641345e-05,2.8018665806180074
0.09972294216942156,0.0005417299221363268,0.0001636775898480145,3.309737897774271,0.0034958644304774935,1627.8098266375953,3059.0859848870336,0.03710133467723818,802199.8220543452,6.157196867255932e-05,2.8044648902242737
0.0999587173471101,0.000544418494333342,0.00016419920574577333,3.315597611210467,0.0034911578909990497,1621.6809371921277,3059.2020867029596,0.037151949312537055,802363.5560998307,6.151257929234398e-05,2.8070369738372323
0.10019449252479865,0.0005471060816189575,0.00016472063055867137,3.3214180868745844,0.003486340427685472,1615.5542929581109,3059.323859568663,0.037202161907663074,802533.5782735681,6.14539693121231e-05,2.8095828855110483
0.10043026770248717,0.0005497926911113706,0.000165241865667726,3.32719973167643,0.0034814123465630653,1609.429877708848,3059.451250854895,0.03725197245549807,802709.8534296578,6.139613531286406e-05,2.812102680898706
0.10066604288017572,0.0005524783299365548,0.00016576291245546323,3.332942946963443,0.003476373959577956,1603.3076751999167,3059.5842076613094,0.03730138094891605,802892.3494123482,6.133907377190867e-05,2.81459641725888
0.10090181805786425,0.0005551630052282114,0.00016628377230590841,3.338648128615286,0.003471225584558637,1597.1876691692773,3059.722676831417,0.03735038738078332,803081.0370246065,6.128278106475846e-05,2.817064153461008
0.1011375932355528,0.0005578467241277267,0.00016680444660457783,3.3443156671365197,0.003465967545178153,1591.0698433373723,3059.8666049674766,0.037398991743958505,803275.8899964346,6.122725346688092e-05,2.8195059499885966
0.10137336841324134,0.0005605294937841234,0.0001673249367384694,3.349945947747387,0.0034606001709159397,1584.9541814072354,3060.0159384452895,0.037447194031292555,803476.8849529187,6.117248715553757e-05,2.8219218689407723
0.10160914359092987,0.0005632113213540164,0.00016784524409605388,3.3555393504727715,0.0034551237970193325,1578.8406670645932,3060.170623428932,0.03749499423562888,803684.0013820285,6.111847821163142e-05,2.8243119740321165
0.10184491876861841,0.0005658922140015648,0.00016836537006726583,3.3610962502293544,0.0034495387644647053,1572.729283977975,3060.3306058853873,0.037542392349803305,803897.2216021599,6.106522262157466e-05,2.8266763305907956
0.10208069394630695,0.0005684200969607165,0.00016884728512733542,3.3664746017802125,0.00344545413105763,1567.351825378887,3060.495831599105,0.03758954044858189,804116.530729426,6.101271627917536e-05,2.8290214883284417
0.1023164691239955,0.0005709471115886404,0.00016932903464892773,3.3718205077610763,0.0034412681346504834,1561.9762139441273,3060.666246186459,0.037636286390607475,804341.9166446881,6.0960954987542475e-05,2.831341016384947
0.10255224430168403,0.0005734732646640288,0.00016981061992433116,3.3771342741671435,0.003436981059656968,1556.6024352536701,3060.841795110126,0.03768263016910135,804573.3699603532,6.090993446100901e-05,2.833634985120864
0.10278801947937258,0.0005759985629725126,0.000170292042247157,3.3824162031982956,0.0034325931956829293,1551.2304748727292,3061.022423693363,0.0377285717772779,804810.88398692,6.0859650327072265e-05,2.835903466483826
0.1030237946570611,0.0005785230133066147,0.00017077330291233024,3.3876665933176366,0.0034281048374912343,1545.8603183518583,3061.2080771341984,0.03777411120834458,805054.4546992774,6.081009812835132e-05,2.838146533998698
0.10325956983474965,0.000581046622465706,0.00017125440321608156,3.392885739308939,0.003423516284966286,1540.4919512270421,3061.398700519514,0.03781924845550204,805304.080702781,6.076127332456035e-05,2.8403642627561876
0.10349534501243819,0.0005835693972559581,0.000171735344455938,3.398073932333038,0.003418827843078253,1535.1253590198003,3061.5942388390454,0.03786398351194411,805559.7631990853,6.071317129449812e-05,2.8425567293999374
0.10373112019012673,0.0005860913444902987,0.00017221612793071463,3.403231459983195,0.0034140398218469544,1529.7605272372791,3061.7946369992687,0.03790831637085784,805821.5059517589,6.066578733805253e-05,2.8447240121121253
0.10396689536781527,0.0005886124709883638,0.0001726967549405054,3.408358606339435,0.0034091525363055064,1524.3974413723552,3061.9998398371913,0.03795224702542362,806089.3152516631,6.061911667821998e-05,2.846866190597601
0.1042026705455038,0.0005911327835764521,0.00017317722678667435,3.413455652021901,0.003404166306463553,1519.036086903732,3062.209792134046,0.03799577546881513,806363.1998821396,6.0573154463139136e-05,2.8489833460665968
0.10443844572319236,0.0005934855944046119,0.00017361973398292822,3.4183072441694247,0.0034005723716250395,1514.3403821776037,3062.4244386288697,0.03803906838888233,806643.1710839564,6.052789576813821e-05,2.8510825908709463
0.10467422090088088,0.0005958376579402434,0.00017406210063140938,3.4231326393215142,0.0033968857019757003,1509.6461688867473,3062.64372403199,0.038081959031157825,806929.2425200822,6.048333559779601e-05,2.8531569628040714
0.10490999607856943,0.000598188980576408,0.0001745043279344991,3.427932061380968,0.003393106563072387,1504.9534342719865,3062.8675930383924,0.038124447389248556,807221.4302402369,6.043946888801539e-05,2.8552065476988515
0.10514577125625796,0.0006005395687122111,0.00017494641709571538,3.4327057317421277,0.00338923522499309,1500.2621655620817,3063.095990340994,0.0381665334567554,807519.7526452686,6.0396290508109684e-05,2.8572314328088506
0.10538154643394651,0.0006028894287527599,0.00017538836931970506,3.4374538693257843,0.0033852719623036764,1495.5723499738158,3063.3288606437995,0.03820821722727327,807824.2304513464,6.035379526290043e-05,2.859231706784414
0.10561732161163505,0.000605238567109116,0.0001758301858122348,3.442176690613505,0.0033812170540244006,1490.8839747120876,3063.566148674949,0.03824949869439108,808134.8866539622,6.031197789482708e-05,2.86120745964749
0.10585309678932359,0.0006075869901982526,0.00017627186778018309,3.446874409681379,0.003377070783596042,1486.1970269699984,3063.8077991996634,0.038290377851691884,808451.7464917907,6.027083308606781e-05,2.8631587827652343
0.10608887196701212,0.0006099347044430074,0.0001767134164315314,3.45154723823321,0.0033728334388459123,1481.5114939289438,3064.053757033069,0.038330854692752825,808774.8374103663,6.0230355460670634e-05,2.8650857688224063
0.10632464714470066,0.0006122817162720376,0.00017715483297535574,3.4561953856331593,0.00336850531195356,1476.8273627587064,3064.3039670529147,0.038370929211145266,809104.1890256191,6.019053958669482e-05,2.866988511792601
0.1065604223223892,0.0006146280321197741,0.00017759611862181796,3.4608190589378456,0.003364086699416224,1472.144620617545,3064.55837421218,0.03841060140043476,809439.8330872676,6.015137997836244e-05,2.8688671069083367
0.10679619750007774,0.0006169736584263753,0.00017803727458215723,3.4654184629279197,0.0033595779020140983,1467.4632546522867,3064.816923551561,0.038449871254181145,809781.8034420755,6.011287109821863e-05,2.8707216506300464
0.10703197267776629,0.0006191316872623545,0.000178438721318917,3.4697160049460516,0.003356328158766759,1463.3713921681342,3065.0795602118487,0.03848892568031391,810130.1359969756,6.007500735930117e-05,2.8725600373797024
0.10726774785545481,0.0006212890933894891,0.00017884005221643058,3.473993021639307,0.0033529933295902946,1459.2807104091498,3065.3462294461942,0.038527577704071295,810484.8686820873,6.0037783127318386e-05,2.8743745522312683
0.10750352303314337,0.0006234458827501522,0.00017924126838012632,3.4782496708736623,0.0033495736645212377,1455.1911981079334,3065.616876632247,0.0385658273195109,810846.041413623,6.0001192722835165e-05,2.8761652953725227
0.10773929821083189,0.0006256020612918161,0.0001796423709163812,3.4824861089314916,0.0033460694175027382,1451.102843987417,3065.8914472841916,0.038603674520685284,811213.6960566929,5.996523042346649e-05,2.8779323680837336
0.10797507338852044,0.0006277576349670091,0.0001800433609325127,3.486702490531252,0.0033424808463529765,1447.015636760945,3066.16988706465,0.03864111930164189,811587.8763880146,5.992989046607799e-05,2.8796758727016885
0.10821084856620898,0.000629912609733272,0.0001804442395367707,3.4908989688468783,0.003338808212733344,1442.9295651323584,3066.452141796482,0.03867816165642318,811968.6280585561,5.989516704899358e-05,2.881395912582804
0.10844662374389752,0.0006320669915531136,0.00018084500783832936,3.495075695526883,0.0033350517821164813,1438.8446177960777,3066.7381574744527,0.03871480157906667,812355.9985560987,5.986105433420903e-05,2.8830925920653434
0.10868239892158606,0.0006342207863939677,0.00018124566694727892,3.4992328207131767,0.0033312118237541254,1434.7607834371856,3067.027880276789,0.03875103906360489,812750.0371677391,5.982754644961155e-05,2.8847660164307953
0.1089181740992746,0.000636374000228148,0.00018164621797461748,3.503370493059604,0.003327288610644784,1430.6780507315111,3067.321256576612,0.038786874104065575,813150.7949423449,5.979463749120478e-05,2.886416291864412
0.10915394927696315,0.0006385266390328047,0.00018204666203224275,3.5074888597502194,0.0033232824195012986,1426.596408345714,3067.618232953245,0.03882230669447152,813558.3246529598,5.976232152533855e-05,2.888043525414963
0.10938972445465167,0.0006406787087898781,0.00018244700023294363,3.5115880665172683,0.0033191935307181676,1422.51584493737,3067.918756203406,0.03885733682884082,813972.6807591934,5.973059259094342e-05,2.889647824953742
0.10962549963234022,0.000642650144392953,0.0001828112643298867,3.5153749783890644,0.0033161609472727644,1418.9235858056868,3068.222773352262,0.03889214457227989,814393.9193695629,5.969944470176889e-05,2.891236735853948
0.10986127481002875,0.0006446210695506451,0.00018317543411133398,3.5191458542352607,0.0033130495792430496,1415.332256784064,3068.530231664381,0.03892654980108009,814822.0982038543,5.966887184862551e-05,2.892802916078207
0.1100970499877173,0.000646591489757159,0.00018353951059245501,3.522900805772004,0.003309859663850007,1411.7418478612146,3068.8410786545364,0.03896055250974724,815257.2765554537,5.963886800162991e-05,2.894346475940171
0.11033282516540584,0.0006485614105109237,0.00018390349478919995,3.526639943707104,0.0033065914416981236,1408.1523490181553,3069.1552620983966,0.0389941526927829,815699.5152537057,5.960942711245239e-05,2.8958675264049174
0.11056860034309438,0.0006505308373145515,0.00018426738771829186,3.530363377751269,0.003303245156745489,1404.5637502282786,3069.4727300430864,0.03902735034468446,816148.8766262766,5.958054311656681e-05,2.897366179044726
0.11080437552078291,0.0006524997756747962,0.00018463119039721906,3.534071216629193,0.0032998210562737566,1400.9760414574325,3069.7934308176145,0.039060145459945156,816605.4244615565,5.955220993550204e-05,2.898842545994274
0.11104015069847145,0.0006544682311025109,0.00018499490384422734,3.53776356809049,0.003296319390858028,1397.389212663994,3070.117313043174,0.03909253803305415,817069.2239710895,5.952442147909447e-05,2.9002967399053046
0.11127592587615999,0.0006564362091126053,0.000185358529078312,3.541440538920483,0.003292740414336633,1393.803253798948,3070.444325643313,0.03912452805849653,817540.341752057,5.9497171647741366e-05,2.901728873900805
0.11151170105384853,0.0006584037152240043,0.00018572206711921018,3.5451022349508525,0.0032890843837808086,1390.2181548059646,3070.7744178539733,0.03915611553075336,818018.8457498215,5.947045433465428e-05,2.9031390615286883
0.11174747623153707,0.0006603707549596045,0.00018608551898739294,3.5487487610701387,0.003285351559464369,1386.6339056214756,3071.1075392333873,0.03918730044430177,818504.8052205284,5.944426342811181e-05,2.9045274167150663
0.1119832514092256,0.0006621599011799364,0.0001864150188436124,3.5520737829361093,0.0032826009671917847,1383.4967259392654,3071.4436396718525,0.0392182602262812,818998.2906937903,5.9418592813711984e-05,2.9059013212631277
0.11221902658691414,0.0006639486331626546,0.00018674444241135828,3.555386305420094,0.003279776851244152,1380.3602726022866,3071.782669401364,0.039248817397414,819499.3739354657,5.9393436376622756e-05,2.907253609148862
0.1124548017646027,0.0006657369559429651,0.00018707379061794416,3.5586864078815936,0.003276879430768055,1377.2245367815538,3072.1245790051016,0.03927897195266498,820008.1279105225,5.936878800383066e-05,2.9085843953744592
0.11269057694229123,0.0006675248745595302,0.0001874030643913203,3.5619741690331033,0.003273908927860704,1374.0895096420206,3072.469319426794,0.03930872388699546,820524.6267460082,5.934464158638701e-05,2.9098937951299315
0.11292635211997977,0.0006693123940544312,0.00018773226466006638,3.5652496669465923,0.0032708655675421465,1370.955182342647,3072.8168419799294,0.039338073195363366,821048.9456941532,5.932099102165094e-05,2.9111819237447074
0.11316212729766831,0.0006710995194731266,0.00018806139235338427,3.568512979059893,0.003267749577727543,1367.8215460364693,3073.1670983568283,0.039367019872723244,821581.161095576,5.929783021552871e-05,2.9124488966389857
0.11339790247535685,0.0006728862558644139,0.00018839044840109065,3.5717641821830197,0.00326456118919935,1364.6885918706705,3073.5200406375775,0.039395563914026294,822121.3503426396,5.927515308470889e-05,2.9136948292748563
0.11363367765304538,0.000674672608280389,0.0001887194337336097,3.575003352504413,0.003261300635579494,1361.5563109866494,3073.8756212988087,0.03942370531422042,822669.5918429454,5.925295355889283e-05,2.914919837107243
0.11386945283073392,0.0006764585817764061,0.0001890483492819656,3.578230565597101,0.0032579681533015633,1358.4246945200919,3074.23379322234,0.039451444068250255,823225.9649829823,5.9231225583019335e-05,2.9161240355346876
0.11410522800842247,0.0006782441814110381,0.0001893771959777754,3.5814458964247966,0.0032545639815829475,1355.2937336010395,3074.5945097036656,0.03947878017105725,823790.5500919401,5.920996311948381e-05,2.9173075398499964
0.11434100318611101,0.0006800294122460358,0.00018970597475324134,3.5846494193479095,0.0032510883623970343,1352.1634193539621,3074.957724460296,0.03950571361757963,824363.4284056904,5.918916015035056e-05,2.9184704651907967
0.11457677836379955,0.0006816468479754401,0.00019000380822048148,3.5875430832652224,0.003248405756439743,1349.3927395489868,3075.3233916399454,0.03953241183412338,824944.6820309517,5.916881067955776e-05,2.9196197288323313
0.11481255354148809,0.000683263958683204,0.00019030158183846744,3.5904271109168966,0.0032456541096596227,1346.6226165085732,3075.6914658285677,0.039558707350604516,825534.3939096414,5.9148908735114864e-05,2.920748632390044
0.11504832871917663,0.0006848807489646749,0.00019059929645338323,3.593301558341182,0.0032428336306614927,1343.8530423608563,3076.0619020582344,0.03958460016242772,826132.6477834276,5.91294483712912e-05,2.921857290456321
0.11528410389686516,0.0006864972234179331,0.00019089695291191606,3.596166481162733,0.0032399445306092113,1341.0840092292892,3076.4346558148613,0.039610090264994895,826739.528158487,5.9110423670795856e-05,2.922945817270819
0.1155198790745537,0.0006881133866437545,0.0001911945520612496,3.5990219345963155,0.003236987023200189,1338.3155092327072,3076.8096830457657,0.03963517765370527,827355.1202704761,5.909182874694723e-05,2.9240143266710055
0.11575565425224224,0.0006897292432455735,0.00019149209474905696,3.601867973450482,0.003233961324639878,1335.5475344853926,3077.186940167082,0.03965986232395541,827979.510049731,5.907365774583295e-05,2.925062932042763
0.11599142942993078,0.0006913447978294455,0.00019178958182349394,3.6047046521311974,0.003230867653616391,1332.7800770971362,3077.566384070992,0.039684144271139254,828612.7840866897,5.905590484845787e-05,2.9260917462711022
0.11622720460761932,0.0006929600550040097,0.00019208701413319203,3.6075320246454305,0.003227706231275104,1330.0131291733046,3077.9479721328094,0.03970802349064818,829255.0295975667,5.903856427288093e-05,2.9271008816909996
0.11646297978530787,0.0006945750193804515,0.0001923843925272517,3.6103501446047046,0.0032244772811933892,1327.2466828149013,3078.331662217887,0.03973149997787099,829906.33439026,5.9021630276339396e-05,2.9280904500384
0.1166987549629964,0.0006961896955724647,0.0001926817178552352,3.6131590652286114,0.0032211810293553624,1324.4807301186336,3078.7174126883615,0.03975457372819397,830566.7868305314,5.9005097157359986e-05,2.9290605624014012
0.11693453014068494,0.000697644913007047,0.00019295030528140495,3.6156714651971096,0.003218662744991814,1322.0623628302283,3079.105182409731,0.039777403912190167,831236.4758084315,5.8988959257856265e-05,2.9300177542438104
0.11717030531837348,0.0006990998789957221,0.0001932188462985588,3.6181764480442227,0.0032160792094182104,1319.6444134096564,3079.494930757248,0.03979983132254802,831915.4907050128,5.8973210965211594e-05,2.9309557013339753
0.11740608049606202,0.0007005545977038637,0.00019348734167549391,3.6206740535967175,0.0032134306150151176,1317.2268749346515,3079.886617622158,0.039821855955102174,832603.9213593064,5.895784671434679e-05,2.931874512738024
0.11764185567375056,0.00070200907329897,0.00019375579218139957,3.62316432141409,0.0032107171564022554,1314.8097404794153,3080.2802034177357,0.039843477805685125,833301.8580355232,5.8942860989770886e-05,2.9327742966820987
0.1178776308514391,0.0007034633099506299,0.00019402419858585083,3.625647290790716,0.0032079390304148104,1312.3930031146765,3080.6756490851863,0.03986469687012729,834009.391390827,5.892824832762016e-05,2.933655160504875
0.11811340602912763,0.0007049173118304872,0.00019429256165880214,3.6281230007579754,0.003205096436081563,1309.976655907748,3081.0729160993205,0.039885513144257013,834726.6124429958,5.891400331767262e-05,2.934517210610424
0.11834918120681617,0.0007063710831122071,0.00019456088217058098,3.6305914900863643,0.0032021895746020953,1307.5606919225834,3081.4719664740733,0.039905926623900634,835453.6125386388,5.890012060534909e-05,2.9353605524214306
0.11858495638450472,0.0007078246279714411,0.00019482916089188148,3.6330527972875757,0.003199218649324272,1305.1451042198355,3081.872762767838,0.03992593730488251,836190.4833216902,5.8886594893694674e-05,2.936185290332806
0.11882073156219326,0.0007092779505857926,0.00019509739859375797,3.6355069606165706,0.003196183865721885,1302.7298858569136,3082.275268088609,0.03994554518302502,836937.3167022143,5.887342094534085e-05,2.9369915276657146
0.1190565067398818,0.0007107310551347814,0.0001953655960476185,3.6379540180736196,0.003193085431372451,1300.3150298880416,3082.6794460989454,0.03996475025414866,837694.2048255309,5.8860593584447276e-05,2.9377793666220304
0.11929228191757034,0.0007121839457998097,0.0001956337540252186,3.6403940074063295,0.003189923555931657,1297.9005293643158,3083.0852610208112,0.039983552514072034,838461.2400425222,5.884810769863738e-05,2.9385489082392615
0.11952805709525888,0.0007134839558022204,0.00019587493023446863,3.642548614813325,0.0031874280833225086,1295.7829942199912,3083.492677639873,0.04000210462957378,839238.514876079,5.8835958240839625e-05,2.9393063775044572
0.11976383227294742,0.0007147837818878534,0.000196116072323711,3.644697619214119,0.003184870707317919,1293.6657586504693,3083.901661310309,0.040020253903908065,840026.1219962785,5.882414023125206e-05,2.940045740905276
0.11999960745063595,0.0007160834278035263,0.00019635718098805053,3.646841048543593,0.0031822516084985797,1291.5488165527067,3084.3121779587295,0.04003800033332807,840824.1541875432,5.881264875913824e-05,2.9407670959304753
0.12023538262832449,0.0007173828972976152,0.00019659825692288125,3.6489789305661033,0.003179570969395108,1289.432161821121,3084.7241940882354,0.040055343914085426,841632.7043203233,5.880147898467219e-05,2.9414705387299005
0.12047115780601303,0.0007186821941200231,0.00019683930082388038,3.651111292876698,0.0031768289744682036,1287.315788347643,3085.1376767822303,0.04007228464243022,842451.865322337,5.879062614074457e-05,2.9421561640720304
0.12070693298370157,0.0007199813220221482,0.00019708031338700252,3.653238162902328,0.0031740258100890913,1285.1996900217675,3085.5525937080133,0.040088822514611065,843281.7301501549,5.8780085534743455e-05,2.9428240653021187
0.12094270816139012,0.0007212802847568522,0.00019732129530847394,3.655359567903044,0.003171161664520073,1283.0838607306057,3085.9689131201894,0.04010495752687509,844122.3917611756,5.876985255030934e-05,2.943474334300927
0.12117848333907866,0.0007225790860784285,0.0001975622472847863,3.657475534973185,0.003168236727895275,1280.968294358937,3086.3866038638657,0.04012068967546801,844973.9430859748,5.8759922649063593e-05,2.9441070614441056
0.1214142585167672,0.0007238777297425705,0.00019780317001269113,3.659586091042556,0.003165251192201558,1278.8529847892598,3086.8056353776487,0.04013601895663412,845836.4770010501,5.875029137230974e-05,2.9447223355622048
0.12165003369445573,0.0007251762195063394,0.00019804406418919365,3.6616912628775924,0.0031622052512596675,1276.737925901845,3087.225977696439,0.04015094536661637,846710.0863019457,5.87409543427064e-05,2.9453202439013673
0.12188580887214427,0.0007264745591281331,0.00019828493051154706,3.663791077082517,0.0031590991007055245,1274.6231115747867,3087.6476014540135,0.04016546890165636,847594.8636767872,5.873190726591195e-05,2.9459008720846938
