x_m,delta_star_m,momentum_thickness_m,shape_factor,skin_friction_coefficient,wall_shear_stress_Pa,wall_temperature_K,effective_radius_m,Re_s,mu_edge_Pa_s,Mach_effective
0.0,3.246008516069304e-05,2.3364309471656043e-05,1.3893021405178425,0.13175947942228503,559.1798069238015,3303.198881906889,0.0599675399148393,1.5559008750856675,9.860553001571977e-05,0.0491878140436004
0.00023594251073635886,3.9039780114021176e-05,2.6288911435642748e-05,1.4850284010273123,0.11783647074372863,509.5973066447463,3303.1960882915964,0.059679774885070216,576.5230011264741,9.860527040227863e-05,0.049664410213169696
0.00047188502147272465,4.561947506734939e-05,2.9213513399629487e-05,1.561588106274406,0.10437773570400725,460.01480636569056,3303.1932279296584,0.059392009855301124,1164.02399197957,9.86050045467999e-05,0.05014798742143921
0.0007078275322090835,5.219917002067734e-05,3.213811536361611e-05,1.6242137857210057,0.09137385136828376,410.4323060866368,3303.1902988935694,0.05910424482553205,1762.7387642457415,9.860473226826322e-05,0.050638683251913945
0.0009437700429454493,5.877886497400555e-05,3.5062717327602846e-05,1.6763921753358333,0.07881551118854438,360.8498058075811,3303.1872991903756,0.05881647979576296,2372.9091398786227,9.860445337948174e-05,0.05113663871247043
0.0011797125536818082,6.53585599273335e-05,3.7987319291589466e-05,1.7205362512064422,0.06669352432956137,311.26730552852734,3303.184226759128,0.05852871476599388,2994.7831526541704,9.860416768686412e-05,0.051641998343646064
0.001415655064418174,7.193825488066172e-05,4.091192125557621e-05,1.7583690199065556,0.054998814970694795,261.6848052494716,3303.181079468196,0.0582409497362248,3628.615236275934,9.860387499015867e-05,0.05215491032070083
0.0016515975751545328,7.851794983398984e-05,4.383652321956291e-05,1.7911536788791147,0.04372242162347462,212.10230497041647,3303.177855112476,0.057953184706455704,4274.666418947817,9.860357508219126e-05,0.05267552656816385
0.0018875400858908917,8.509764478731779e-05,4.676112518354953e-05,1.8198374066767533,0.03285549644458683,162.5198046913627,3303.1745514104764,0.057665419676686626,4933.204524835389,9.860326774858888e-05,0.053204002874236926
0.0021234825966272575,9.167733974064601e-05,4.968572714753627e-05,1.8451443705034303,0.02238930454914781,112.93730441230696,3303.171166001256,0.05737765464691754,5604.504382659666,9.860295276749188e-05,0.05374049901033707
0.0023594251073636163,9.825703469397415e-05,5.261032911152298e-05,1.8676377120867202,0.012315223324118107,63.354804133251854,3303.16769644125,0.05708988961714845,6288.8480417115,9.860262990925227e-05,0.05428517885499895
0.002595367618099982,9.868481280112064e-05,5.303293152213739e-05,1.8608213796351596,0.012257890105931594,64.31847539944216,3303.16414020092,0.05680827650422554,6986.524995588045,9.860229893611962e-05,0.05482629531468438
0.002831310128836341,9.911259090826711e-05,5.345553393275178e-05,1.854112822686476,0.012196884643916212,65.28214666563245,3303.160494661277,0.05652666339130265,7697.832413966506,9.860195960190998e-05,0.05537557183917063
0.0030672526395727068,9.95403690154136e-05,5.387813634336619e-05,1.8475095051736998,0.012132332269597167,66.24581793182277,3303.1567571102273,0.05624505027837974,8423.075382744799,9.86016116516628e-05,0.0559331741681837
0.0033031951503090656,9.996814712256008e-05,5.4300738753980595e-05,1.8410089699789172,0.01206435636455537,67.20948919801307,3303.152924738754,0.05596343716545683,9162.56715289393,9.860125482127903e-05,0.05649927230092889
0.0035391376610454245,0.00010039592522970655,5.472334116459499e-05,1.8346088358848398,0.011993078373747593,68.17316046420335,3303.148994636926,0.05568182405253393,9916.629398383362,9.860088883714429e-05,0.05707404062937605
0.0037750801717817903,0.00010082370333685304,5.51459435752094e-05,1.828306794666541,0.011918617818825682,69.13683173039367,3303.144963789708,0.055400210939611026,10685.592483556606,9.860051341573309e-05,0.05765765807649326
0.004011022682518149,0.0001012514814439995,5.556854598582379e-05,1.8221006083158984,0.011841092311291554,70.10050299658394,3303.1408290725853,0.05511859782668813,11469.795740431278,9.860012826319488e-05,0.05825030823915883
0.004246965193254515,0.000101679259551146,5.5991148396438204e-05,1.8159881063917271,0.011760617566592494,71.06417426277426,3303.1365872469837,0.054836984713765226,12269.587755805329,9.859973307492151e-05,0.0588521795394774
0.004482907703990874,0.00010210703765829248,5.641375080705261e-05,1.8099671834890207,0.011677307415956593,72.02784552896456,3303.1322349554393,0.05455537160084232,13085.32667014323,9.859932753509075e-05,0.0594634653738676
0.004718850214727233,0.00010253481576543894,5.6836353217667e-05,1.8040357968210925,0.011591273821059105,72.99151679515484,3303.1277687165875,0.054273758487919425,13917.380486255062,9.859891131619222e-05,0.0600843642790844
0.0049547927254635984,0.00010296259387258543,5.725895562828141e-05,1.7981919639087869,0.011502626886770163,73.95518806134515,3303.1231849198716,0.05399214537499651,14766.12739051068,9.859848407852765e-05,0.06071508009539453
0.005190735236199957,0.000103017341893121,5.7436298248278956e-05,1.7935929897120042,0.011477232055111392,75.3505697783526,3303.1184798200075,0.053710905292160216,15631.956085889717,9.859804546968679e-05,0.06135496641189441
0.005426677746936323,0.00010307208991365655,5.76136408682765e-05,1.7890223280509703,0.011446703952588826,76.74595149536006,3303.113649531182,0.05342966520932392,16515.266137698083,9.859759512399989e-05,0.06200506652298861
0.005662620257672682,0.00010312683793419211,5.779098348827405e-05,1.7844797182784895,0.011411211409805886,78.14133321236747,3303.1086900209616,0.05314842512648764,17416.468332477965,9.859713266196056e-05,0.06266560035760566
0.005898562768409041,0.00010318158595472768,5.7968326108271597e-05,1.7799649029369597,0.011370920554443716,79.53671492937491,3303.1035971039046,0.05286718504365134,18335.985050587948,9.859665768962307e-05,0.06333679384964801
0.006134505279145407,0.00010323633397526324,5.8145668728269144e-05,1.775477627709732,0.011325994829782433,80.93209664638238,3303.098366434839,0.05258594496081504,19274.25065387581,9.859616979796496e-05,0.06401887913635874
0.0063704477898817655,0.00010329108199579879,5.8323011348266684e-05,1.771017641373357,0.011276595015498466,82.32747836338979,3303.0929935018544,0.05230470487797876,20231.71188652534,9.859566856222547e-05,0.06471209476967152
0.006606390300618131,0.00010334583001633436,5.850035396826423e-05,1.7665846957507005,0.011222879245395303,83.72286008039724,3303.0874736188694,0.052023464795142464,21208.828294048177,9.859515354120185e-05,0.06541668592938912
0.00684233281135449,0.00010340057803686992,5.867769658826178e-05,1.7621785456649088,0.011165003027435179,85.11824179740465,3303.0818019178873,0.051742224712306176,22206.07265679651,9.859462427651682e-05,0.06613290464986445
0.007078275322090856,0.00010345532605740547,5.8855039208259325e-05,1.7577989488942052,0.011103119262842864,86.51362351441212,3303.075973340818,0.05146098462946988,23223.931441332657,9.859408029184575e-05,0.06686101005388392
0.007314217832827215,0.00010351007407794104,5.903238182825687e-05,1.753445666127504,0.011037378265355835,87.90900523141956,3303.069982630909,0.051179744546633585,24262.90526956309,9.859352109210383e-05,0.06760126859642576
0.007550160343563581,0.00010331631031961847,5.9041097653110444e-05,1.7499049717307464,0.01102595780114399,89.77688599258309,3303.0638243237217,0.050898752975576146,25323.509406207337,9.859294616259475e-05,0.06835328345921797
0.007786102854299939,0.00010312254656129592,5.904981347796401e-05,1.7463653225556557,0.011008426767303408,91.64476675374654,3303.0574927376156,0.05061776140451872,26406.274267355115,9.859235496810837e-05,0.0691179846850671
0.008022045365036298,0.00010292878280297336,5.905852930281758e-05,1.7428267181394712,0.010984990906628788,93.51264751491006,3303.0509819638132,0.05033676983346128,27511.745946374474,9.859174695198122e-05,0.06989566150943936
0.008257987875772664,0.0001027350190446508,5.9067245127671154e-05,1.739289158019707,0.01095585251864744,95.38052827607359,3303.044285855853,0.050055778262403844,28640.48676467629,9.85911215350982e-05,0.0706866115513336
0.008493930386509023,0.00010254125528632824,5.9075960952524726e-05,1.7357526417341493,0.010921210485993671,97.24840903723704,3303.037398018543,0.04977478669134641,29793.075842586106,9.85904781148472e-05,0.07149114110850123
0.008729872897245389,0.00010234749152800568,5.908467677737829e-05,1.7322171688208572,0.010881260300072273,99.11628979840057,3303.030311796314,0.04949379512028897,30970.109694442333,9.858981606401602e-05,0.07230956546789578
0.008965815407981748,0.00010215372776968312,5.9093392602231864e-05,1.7286827388181625,0.010836194086824728,100.98417055956408,3303.0230202609437,0.049212803549231535,32172.20284809026,9.858913472963026e-05,0.07314220922895551
0.009201757918718106,0.00010195996401136057,5.9102108427085437e-05,1.725149351264669,0.01078620063249208,102.85205132072754,3303.0155161986295,0.04893181197817411,33399.98849005036,9.858843343173039e-05,0.07398940664078969
0.009437700429454472,0.000101766200253038,5.911082425193901e-05,1.7216170056992526,0.010731465409374329,104.71993208189107,3303.0077920963563,0.04865082040711667,34654.119137580805,9.858771146207989e-05,0.07485150195397125
0.009673642940190831,0.00010157243649471545,5.9119540076792574e-05,1.718085701661062,0.010672170601586161,106.58781284305452,3302.9998401275257,0.048369828836059246,35935.26733891696,9.858696808280471e-05,0.0757288497876796
0.009909585450927197,0.00010137867273639288,5.9128255901646147e-05,1.714555438689516,0.010608495130809022,108.45569360421811,3302.9916521367913,0.048088837265001794,37244.126403043396,9.858620252495744e-05,0.0766218155129826
0.010145527961663556,0.0001009985441466407,5.9004444566285125e-05,1.7117107853321072,0.010608535068163732,111.03446457392248,3302.98321962406,0.0478080320587758,38581.41116042295,9.858541398700168e-05,0.07753016724252763
0.010381470472399915,0.0001006184155568885,5.888063323092411e-05,1.708854168776903,0.010601369543423916,113.61323554362683,3302.974533727608,0.0475272268525498,39947.85875619148,9.858460163321302e-05,0.07845487949026156
0.01061741298313628,0.0001002382869671363,5.875682189556309e-05,1.7059855133979875,0.010587251496269207,116.19200651333128,3302.9655852062397,0.0472464216463238,41344.22947740396,9.858376459198875e-05,0.0793963515489342
0.010853355493872646,9.98581583773841e-05,5.863301056020206e-05,1.7031047429306685,0.010566429390574146,118.77077748303573,3302.956364420451,0.046965616440097786,42771.307616007434,9.858290195406444e-05,0.080354995141508
0.011089298004609005,9.947802978763191e-05,5.8509199224841036e-05,1.7002117804647185,0.010539147249947794,121.34954845274017,3302.9468613125237,0.046684811233871776,44229.902369313735,9.858201277062607e-05,0.08133123489709798
0.011325240515345364,9.909790119787973e-05,5.838538788948002e-05,1.6973065484375305,0.01050564469326776,123.92831942244452,3302.937065385475,0.04640400602764578,45720.84877983712,9.858109605131703e-05,0.08232550884879676
0.01156118302608173,9.871777260812752e-05,5.8261576554119e-05,1.6943889686271858,0.010466156970208446,126.50709039214897,3302.926965680799,0.04612320082141977,47245.008716473865,9.858015076212832e-05,0.08333826895457681
0.011797125536818089,9.833764401837532e-05,5.813776521875798e-05,1.6914589621454348,0.010420914996766856,129.0858613618534,3302.916550754918,0.04584239561519376,48803.27189910061,9.857917582316727e-05,0.08436998164251384
0.012033068047554454,9.795751542862312e-05,5.8013953883396955e-05,1.6885164494305849,0.01037014539077554,131.66463233155784,3302.905808654259,0.04556159040896775,50396.55696882145,9.85781701062946e-05,0.08542112838172371
0.012269010558290813,9.757738683887094e-05,5.789014254803593e-05,1.685561350240301,0.010314070507416567,134.2434033012622,3302.894726888856,0.04528078520274176,52025.81260616384,9.857713243262292e-05,0.08649220628038216
0.012504953069027172,9.719725824911874e-05,5.776633121267491e-05,1.6825935836443084,0.010252908474726112,136.82217427096663,3302.883292404401,0.04499997999651575,53692.018699714434,9.857606156986737e-05,0.08758372871239438
0.012740895579763538,9.668318075127024e-05,5.754475103541997e-05,1.680139005063377,0.010260049275448746,140.40231335447132,3302.871491552617,0.044719308739197834,55396.18756779857,9.857495622953615e-05,0.08869569007083708
0.012976838090499897,9.616910325342176e-05,5.732317085816503e-05,1.6776654503529365,0.01025887119642996,143.98245243797587,3302.8593100598464,0.044438637481879935,57139.36523596827,9.857381506395291e-05,0.0898291533685014
0.013212780601236263,9.565502575557326e-05,5.710159068091009e-05,1.6751726986049122,0.010249682887150592,147.56259152148053,3302.8467329937407,0.04415796622456202,58922.63277322869,9.857263666309882e-05,0.09098468402438209
0.013448723111972621,9.514094825772478e-05,5.688001050365516e-05,1.6726605254689773,0.010232787179172214,151.14273060498508,3302.8337447279123,0.04387729496724412,60747.107690104815,9.857141955125907e-05,0.09216286651323183
0.01368466562270898,9.462687075987628e-05,5.665843032640022e-05,1.670128703085241,0.010208481135402871,154.7228696884897,3302.820328904414,0.04359662370992621,62613.9454018394,9.857016218346574e-05,0.09336430516011017
0.013920608133445346,9.411279326202778e-05,5.6436850149145275e-05,1.6675770000153545,0.010177056099353817,158.3030087719944,3302.8064683938806,0.043315952452608296,64524.34076020635,9.856886294171638e-05,0.09458962497498212
0.014156550644181705,9.35987157641793e-05,5.621526997189034e-05,1.6650051811719846,0.010138797744385784,161.88314785549895,3302.792145253185,0.0430352811952904,66479.52965764205,9.85675201309582e-05,0.09583947252977026
0.01439249315491807,9.30846382663308e-05,5.5993689794635396e-05,1.6624130077466155,0.0100939861229447,165.46328693900364,3302.777340680421,0.04275460993797248,68480.7907076202,9.856613197481724e-05,0.09711451688043277
0.01462843566565443,9.257056076848231e-05,5.577210961738046e-05,1.6598002371356277,0.010042895715786614,169.04342602250827,3302.7620349670274,0.04247393868065457,70529.44700543799,9.856469661105564e-05,0.09841545053681251
0.014864378176390788,9.205648327063383e-05,5.5550529440125525e-05,1.6571666228646085,0.00998579548119155,172.62356510601282,3302.746207446838,0.04219326742333667,72626.86797383976,9.856321208673806e-05,0.0997429904832108
0.015100320687127154,9.147888314197609e-05,5.527139625974297e-05,1.655085438986909,0.010000993589918685,177.58955862199727,3302.729836441843,0.041912659688649566,74774.47129818719,9.856167635308402e-05,0.10109756938375637
0.01533626319786352,9.090128301331836e-05,5.4992263079360405e-05,1.652983127501717,0.010006541608333747,182.5555521379817,3302.7128992044168,0.04163205195396246,76973.72495592793,9.856008725998603e-05,0.10248025341478999
0.015572205708599879,9.032368288466063e-05,5.471312989897785e-05,1.6508593650451726,0.010002817286329358,187.5215456539661,3302.695371855724,0.041351444219275356,79226.1493473453,9.85584425501625e-05,0.10389183911369657
0.015808148219336238,8.974608275600291e-05,5.44339967185953e-05,1.648713821620682,0.009990190802985828,192.48753916995034,3302.6772293201007,0.041070836484588265,81533.31952843166,9.855673985292974e-05,0.10533315211979931
0.016044090730072597,8.91684826273452e-05,5.415486353821275e-05,1.646546160427976,0.009969024834243662,197.4535326859346,3302.6584452549732,0.040790228749901174,83896.86755958124,9.855497667754885e-05,0.10680504850250237
0.016280033240808962,8.859088249868747e-05,5.387573035783019e-05,1.6443560376868624,0.009939674621319585,202.419526201919,3302.638991976099,0.040509621015214076,86318.4849693437,9.855315040612785e-05,0.1083084161585381
0.016515975751545328,8.801328237002974e-05,5.3596597177447635e-05,1.6421431024554662,0.009902488038851279,207.38551971790346,3302.618840377693,0.04022901328052697,88799.92534392976,9.855125828603717e-05,0.10984417628904361
0.016751918262281687,8.7435682241372e-05,5.331746399706508e-05,1.6399069964427604,0.009857805663040375,212.35151323388786,3302.597959847081,0.039948405545839866,91343.00704873336,9.854929742180604e-05,0.11141328496018474
0.01698786077301805,8.685808211271428e-05,5.3038330816682515e-05,1.6376473538151808,0.009805960839776683,217.31750674987228,3302.5763181734246,0.03966779781115276,93949.61608970669,9.854726476645231e-05,0.11301673475309906
0.01722380328375441,8.628048198405656e-05,5.2759197636299966e-05,1.6353638009970968,0.009747279752739453,222.2835002658566,3302.55388145006,0.03938719007646567,96621.70912288995,9.854515711220771e-05,0.1146555565093226
0.01745974579449077,8.570288185539883e-05,5.248006445591741e-05,1.6330559564649196,0.009682081491472781,227.24949378184098,3302.530613969941,0.039106582341778565,99361.31662096456,9.854297108058497e-05,0.11633082117834587
0.017695688305227133,8.50563068711291e-05,5.21430196074299e-05,1.6312117616412334,0.009703562665366792,234.45978575751425,3302.5064781136175,0.03882604358194709,102170.54620637446,9.854070311173524e-05,0.11804321595283669
0.017931630815963495,8.440973188685936e-05,5.180597475894238e-05,1.6293435704979018,0.009713791342635666,241.67007773318772,3302.4814342291543,0.0385455048221156,105051.5861605161,9.853834945303927e-05,0.1197943044834534
0.018167573326699857,8.376315690258961e-05,5.146892991045487e-05,1.6274509116144422,0.009713239289992777,248.8803697088612,3302.4554405032995,0.038264966062284106,108006.70912165515,9.85359061468642e-05,0.12158528935706385
0.01840351583743622,8.311658191831985e-05,5.1131885061967355e-05,1.6255333011405673,0.009702368087066187,256.09066168453467,3302.428452823199,0.03798442730245261,111038.27598047479,9.853336901742228e-05,0.1234174217833209
0.018639458348172582,8.247000693405012e-05,5.079484021347984e-05,1.6235902423838,0.009681629225349798,263.30095366020794,3302.4004246278755,0.03770388854262113,114148.73998605782,9.853073365665444e-05,0.12529200407277782
0.018875400858908944,8.182343194978038e-05,5.045779536499233e-05,1.6216212253805595,0.009651464206224439,270.51124563588144,3302.371306748474,0.03742334978278964,117340.65108158544,9.852799540904322e-05,0.12721039226448166
0.019111343369645303,8.117685696551066e-05,5.012075051650482e-05,1.6196257264499467,0.00961230464021048,277.7215376115546,3302.3410472365367,0.03714281102295817,120616.66047161257,9.852514935528752e-05,0.1291739989276183
0.019347285880381666,8.053028198124092e-05,4.978370566801731e-05,1.6176032077293963,0.009564572345188566,284.9318295872281,3302.30959117902,0.036862272263126675,123979.52544905532,9.852219029471442e-05,0.13118429613795635
0.019583228391118028,7.988370699697116e-05,4.944666081952979e-05,1.615553116691345,0.009508679444942767,292.1421215629016,3302.2768804990374,0.03658173350329518,127432.11449055273,9.851911272633019e-05,0.13324281865035542
0.01981917090185439,7.923713201270142e-05,4.910961597104227e-05,1.6134748856399932,0.009445028467688708,299.35241353857504,3302.242853741006,0.03630119474346369,130977.41263956101,9.851591082838705e-05,0.1353511672803924
0.020055113412590753,7.857914463755589e-05,4.874782848050085e-05,1.6119516927607878,0.009476528474682663,309.9153351283405,3302.207445838735,0.03602066739602309,134618.52720009224,9.851257843632481e-05,0.13751092355832095
0.020291055923327115,7.792115726241036e-05,4.838604098995942e-05,1.6104057217365597,0.009494668780711386,320.47825671810614,3302.170587865074,0.03574014004858247,138358.69375003403,9.850910901895317e-05,0.1397239160352857
0.020526998434063474,7.726316988726484e-05,4.8024253499418e-05,1.6088364577744283,0.009500046515141308,331.0411783078715,3302.132206761125,0.03545961270114187,142201.28251345654,9.850549565269031e-05,0.14199196612327464
0.020762940944799836,7.66051825121193e-05,4.766246600887656e-05,1.6072433704511324,0.009493244945145793,341.60409989763724,3302.0922250433837,0.035179085353701255,146149.80509894862,9.850173099369419e-05,0.14431697726096815
0.0209988834555362,7.594719513697376e-05,4.730067851833513e-05,1.6056259131152717,0.009474833619424104,352.167021487403,3302.050560486554,0.034898558006260634,150207.92163893985,9.849780724767672e-05,0.14670093962680586
0.02123482596627256,7.528920776182821e-05,4.693889102779369e-05,1.603983522261904,0.00944536851184001,362.72994307716874,3302.007125779731,0.03461803065882002,154379.44835436845,9.84937161371793e-05,0.14914593519048566
0.021470768477008923,7.46312203866827e-05,4.6577103537252276e-05,1.6023156168779966,0.00940539216490532,373.2928646669341,3301.9618281533762,0.03433750331137942,158668.3655747349,9.84894488660614e-05,0.15165414313202547
0.021706710987745285,7.397323301153715e-05,4.621531604671084e-05,1.6006215977571325,0.009355433833092845,383.85578625669984,3301.914568974179,0.0340569759639388,163078.82624554777,9.848499608092845e-05,0.1542278456611308
0.021942653498481644,7.331524563639162e-05,4.585352855616941e-05,1.5989008467817762,0.009296009625962802,394.4187078464654,3301.865243304579,0.03377644861649819,167615.1649577758,9.848034782918778e-05,0.15686943427309907
0.022178596009218007,7.26572582612461e-05,4.5491741065627986e-05,1.5971527261712886,0.009227622651084011,404.98162943623095,3301.813739423395,0.03349592126905758,172281.90753677156,9.847549351339382e-05,0.15958141648144636
0.02241453851995437,7.199927088610055e-05,4.512995357508655e-05,1.5953765776937756,0.009150763156728949,415.5445510259967,3301.759938303505,0.033215393921616966,177083.7812312626,9.847042184149671e-05,0.1623664230718701
0.02265048103069073,7.132069678663353e-05,4.474362108000137e-05,1.5939858032301966,0.00919851605247437,432.3401622209324,3301.7037130421213,0.03293488716090068,182025.72554644145,9.846512077256527e-05,0.16522700309659022
0.022886423541427094,7.064212268716652e-05,4.4357288584916186e-05,1.5925708026975427,0.0092296862063837,449.1357734158681,3301.6449282386034,0.03265438040018439,187112.90376895474,9.84595774575038e-05,0.16816625904740112
0.023122366052163456,6.996354858769949e-05,4.397095608983099e-05,1.5911309375390112,0.009245071674544355,465.93138461080406,3301.583439314167,0.032373873639468094,192350.71523568273,9.845377817422146e-05,0.17118724035464558
0.02335830856289982,6.928497448823245e-05,4.35846235947458e-05,1.5896655465572238,0.009245450305599935,482.7269958057401,3301.519091767118,0.032093366878751806,197744.8084029772,9.844770825664443e-05,0.17429315498493608
0.023594251073636177,6.860640038876545e-05,4.319829109966063e-05,1.5881739449018257,0.00923157996612706,499.5226070006754,3301.4517203564246,0.031812860118035524,203301.09477769872,9.84413520168865e-05,0.17748738016834223
0.02383019358437254,6.792782628929842e-05,4.281195860457543e-05,1.5866554230022727,0.009204198765428112,516.3182181956114,3301.381148205552,0.03153235335731923,209025.76377734123,9.843469265980104e-05,0.18077347404701982
0.024066136095108902,6.724925218983142e-05,4.242562610949025e-05,1.5851092454423044,0.009164025279677874,533.1138293905472,3301.3071858173444,0.03125184659660294,214925.29859247312,9.842771218903619e-05,0.1841551883432382
0.024302078605845264,6.657067809036438e-05,4.203929361440506e-05,1.5835346497723612,0.009111758775346434,549.909440585483,3301.229629989562,0.03097133983588665,221006.4931316283,9.842039130359597e-05,0.18763648215741166
0.024538021116581626,6.589210399089735e-05,4.1652961119319874e-05,1.5819308452559127,0.009048079431808517,566.7050517804191,3301.1482626192487,0.030690833075170357,227276.47013637974,9.841270928377716e-05,0.1912215370212497
0.02477396362731799,6.521352989143032e-05,4.126662862423468e-05,1.5802970115453612,0.008973648563038476,583.5006629753551,3301.062849382407,0.030410326314454065,233742.7005627702,9.84046438651855e-05,0.19491477334791582
0.025009906138054348,6.45349557919633e-05,4.08802961291495e-05,1.5786322972828704,0.008889108838272802,600.2962741702908,3300.973138273605,0.030129819553737777,240413.02433472167,9.839617109935974e-05,0.19872086844050466
0.02524584864879071,6.383553842282031e-05,4.046505346493305e-05,1.5775473638788118,0.008947231099944043,627.766988175894,3300.878857987846,0.029849333636291164,247295.6725855754,9.838726519930993e-05,0.20264448012194425
0.025481791159527072,6.313612105367731e-05,4.0049810800716594e-05,1.576439932958376,0.008984946260403219,655.2377021814976,3300.7797161244325,0.029568847718844552,254399.29151619005,9.837789836802831e-05,0.20669113810496462
0.025717733670263435,6.24367036845343e-05,3.9634568136500146e-05,1.5753092974169507,0.009003327055653144,682.7084161871013,3300.675397189563,0.029288361801397936,261732.968007685,9.836804060774368e-05,0.21086641563586658
0.025953676180999797,6.17372863153913e-05,3.921932547228369e-05,1.5741547202034634,0.009003416143314515,710.179130192705,3300.565560370512,0.02900787588395132,269306.25715475867,9.835765950731388e-05,0.21517623446237577
0.02618961869173616,6.10378689462483e-05,3.880408280806724e-05,1.5729754327180936,0.008986226455905105,737.6498441983086,3300.4498370505303,0.028727389966504705,277129.211876064,9.83467200048024e-05,0.21962689397623314
0.026425561202472518,6.0338451577105296e-05,3.838884014385079e-05,1.5717706331059977,0.008952741550461486,765.1205582039119,3300.3278280278587,0.028446904049058093,285212.4148112047,9.833518412172106e-05,0.22422510351978425
0.02666150371320888,5.9639034207962305e-05,3.797359747963435e-05,1.570539484439086,0.008903915954822471,792.591272209515,3300.199100396805,0.02816641813161148,293567.0127074181,9.83230106649103e-05,0.22897801827848885
0.026897446223945243,5.89396168388193e-05,3.755835481541789e-05,1.569281112777184,0.008840675509733796,820.0619862151187,3300.063184041355,0.027885932214164865,302204.7535389291,9.831015489130112e-05,0.23389327926294956
0.027133388734681605,5.8240199469676296e-05,3.714311215120144e-05,1.5679946050991433,0.00876391770617156,847.5327002207224,3299.919567683291,0.02760544629671825,311138.0266256921,9.829656812998996e-05,0.238979057965794
0.027369331245417967,5.754078210053329e-05,3.6727869486984984e-05,1.566679007093609,0.008674512017121725,875.0034142263261,3299.767694416374,0.027324960379271637,320379.9060515016,9.828219735505323e-05,0.24424410638148314
0.02760527375615433,5.6858110467693624e-05,3.631369821410782e-05,1.565748278582222,0.0087253807349016,918.4829840946097,3299.6069566456076,0.027044457716088717,329944.1977202225,9.826698470132863e-05,0.24969814467703988
0.027841216266890692,5.617543883485395e-05,3.589952694123065e-05,1.5647960745225418,0.008752409657765725,961.9625539628934,3299.4366903353466,0.0267639550529058,339845.49043103936,9.825086691391198e-05,0.25535095446440986
0.02807715877762705,5.549276720201431e-05,3.5485355668353496e-05,1.563821642951822,0.008756980180885962,1005.4421238311754,3299.2561684513053,0.026483452389722887,350099.2114072754,9.82337747203296e-05,0.2612133981307162
0.028244014844565235,5.5012830234655894e-05,3.519418185196859e-05,1.5631228612174357,0.008748613561468827,1036.0094594297432,3299.123262191149,0.026287079442514225,357504.9797924845,9.822118804129194e-05,0.2654485325476059
0.02841087091150342,5.45384102842023e-05,3.4906355164428704e-05,1.5624206545568995,0.008732820683455022,1066.2254144956528,3298.9874536074867,0.02609460602458588,364963.0932188491,9.820832342521266e-05,0.26970894589477407
0.028577726978441603,5.4069276924114926e-05,3.462173580784536e-05,1.5617147916616796,0.008710330997844351,1096.1046649672364,3298.848688706638,0.02590590125177908,372473.8858349388,9.819517561605575e-05,0.27399520433680585
0.028744583045379787,5.3605214261273104e-05,3.434019280163536e-05,1.561005046503999,0.008681807276593454,1125.6609611448919,3298.7069133182813,0.025720842428774694,380037.6227060149,9.818173933597245e-05,0.27830784147045007
0.02891143911231797,5.314601967726899e-05,3.4061603218874785e-05,1.5602911975622695,0.008647852430391427,1154.9072078584027,3298.5620730772685,0.025539314350230765,387654.50307573273,9.816800928349892e-05,0.28264736095545123
0.029078295179256156,5.2691502706150735e-05,3.378585150543493e-05,1.559573027119786,0.008609015520577728,1183.8555359438294,3298.414113408769,0.0253612086771794,395324.6632061046,9.815398013206354e-05,0.28701423884642885
0.02924515124619434,5.2241484030965824e-05,3.3512828871193436e-05,1.5588503206266466,0.008565797074786429,1212.5173661539773,3298.2629795163043,0.025186423378993746,403048.17885404255,9.813964652876449e-05,0.29140892566596494
0.029412007313132524,5.1795794584091504e-05,3.324243274421212e-05,1.5581228661163415,0.008518653799067012,1240.9034664586309,3298.108616372365,0.025014862232677876,410825.0674325288,9.812500309338757e-05,0.2958318482519624
0.029578863380070708,5.144211608763183e-05,3.3020834497423724e-05,1.5578684448948537,0.008523165631773742,1277.2907700733158,3297.9509687113195,0.024846346531083044,418655.2898976378,9.811004441763593e-05,0.30028576240309085
0.029745719447008892,5.109165675087945e-05,3.28012532241138e-05,1.5576129485601324,0.008521006674285514,1313.346878710568,3297.789981024379,0.024680879000277576,426538.75239676837,9.809476506455531e-05,0.30476879703254917
0.029912575513947076,5.0744302135008914e-05,3.2583617222317625e-05,1.557356317709638,0.008512752566205555,1349.0835661149845,3297.625597556428,0.02451837828084747,434475.30770857394,9.807915956812805e-05,0.3092813198436243
0.03007943158088526,5.0399943775267284e-05,3.23678585331422e-05,1.557098493978575,0.008498933101166067,1384.5119914040592,3297.4577623045275,0.024358767266035246,442464.75650091807,9.806322243302642e-05,0.31382368059036203
0.030246287647823444,5.005847874794837e-05,3.2153912669452825e-05,1.5568394199037996,0.00848003625584318,1419.642743618922,3297.286419017946,0.024201972799628102,450506.8484297483,9.804694813450693e-05,0.3183962121519444
0.03041314371476163,4.971980927673284e-05,3.194171836922437e-05,1.5565790387982867,0.008456511813276285,1454.4858822250296,3297.111511199605,0.024047925401109754,458601.28309882735,9.803033111843604e-05,0.32299923150159116
0.030579999781699813,4.9383842374106936e-05,3.1731217370871145e-05,1.5563172946349255,0.008428774627374163,1489.0509740038788,3296.9329821087995,0.023896559015123355,466747.7108977647,9.801336580143425e-05,0.3276330405816457
0.030746855848637997,4.9050489514113644e-05,3.152235420820829e-05,1.5560541319385688,0.008397207569333742,1523.3471267211605,3296.7507747651084,0.02374781078266436,474945.733733943,9.799604657113194e-05,0.33229792709521555
0.03091371191557618,4.871966633315366e-05,3.131507602298774e-05,1.5557894956853873,0.008362164191523021,1557.383019909084,3296.5648319534466,0.02360162083174012,483194.90567024244,9.797836778653067e-05,0.3369941652219806
0.031080567982514365,4.839129235595225e-05,3.110933239320203e-05,1.5555233312086971,0.008323971139682928,1591.1669330595737,3296.3750962300683,0.023457932085506877,491494.73348447157,9.796032377845365e-05,0.34172201626902976
0.03124742404945255,4.815369633520541e-05,3.095386153994132e-05,1.5556603906452926,0.008313912478767357,1630.7839552029916,3296.181509929611,0.023316601680539974,499844.67715592857,9.794190885009153e-05,0.3464847446640075
0.03141428011639073,4.7917775819418374e-05,3.079948705262531e-05,1.5557978526572223,0.00829950797774863,1670.1216018043208,3295.984015173009,0.023177666645071794,508244.15029233956,9.792311727763192e-05,0.3512796957337916
0.03158113618332892,4.7683479616960016e-05,3.064617543403235e-05,1.5559357388526813,0.008281117718638197,1709.1884086125108,3295.782553876262,0.02304107726715606,516692.5205041712,9.790394331096591e-05,0.3561070992617174
0.0317479922502671,4.7450758720670175e-05,3.0493894616348413e-05,1.556074070487239,0.00825907614169409,1747.992547135412,3295.5770677600144,0.022906786005975423,525189.1097341308,9.788438117447177e-05,0.36096717435582604
0.031914848317205285,4.7219566176004405e-05,3.0342613874887682e-05,1.55621286849926,0.008233694004123816,1786.5418466254728,3295.367498359903,0.022774747364725286,533733.1945486879,9.786442506786975e-05,0.3658601298578844
0.03208170438414347,4.698985695914782e-05,3.019230374833638e-05,1.5563521535430034,0.008205260170348906,1824.8438144031695,3295.153787037623,0.0226449177730414,542324.0063977948,9.784406916714489e-05,0.370786164716402
0.032248560451081654,4.676158786419123e-05,3.004293596492655e-05,1.5564919460196158,0.008174043250324139,1862.9056546693794,3294.9358749926987,0.022517255478109358,550960.7318484267,9.782330762553414e-05,0.3757454683269265
0.03241541651801984,4.6534717398558445e-05,2.989448337400894e-05,1.5566322661062264,0.008140293100578413,1900.7342859419457,3294.7137032749174,0.022391720443684753,559642.5127970019,9.780213457457694e-05,0.3807382208425072
0.03258227258495802,4.630920568595818e-05,2.974691988254961e-05,1.5567731337833224,0.008104242201041913,1938.336357237592,3294.487212797389,0.022268274256332602,568368.4466653711,9.778054412522376e-05,0.3857645934569331
0.032749128651896206,4.608501437620803e-05,2.960022039612332e-05,1.5569145688605648,0.008066106919319997,1975.7182631079647,3294.2563443502286,0.0221468800382652,577137.5865846047,9.775853036900431e-05,0.3908247486630161
0.03291598471883439,4.586210656134402e-05,2.9454360764019826e-05,1.5570565910011935,0.0080260886728373,2012.8861576276197,3294.021038614817,0.022027502366219618,585948.9415705214,9.773608737924827e-05,0.3959188404879917
0.033082840785772574,4.5697701456698614e-05,2.934423160280064e-05,1.5572976002662542,0.008010603645827459,2056.5797052050484,3293.7812361786287,0.02191004994111227,594801.476694541,9.771320921236112e-05,0.40104954562485795
0.03324969685271076,4.5534196552037803e-05,2.9234705453692585e-05,1.557539090796157,0.007992254380456896,2100.034008806805,3293.536877550602,0.02179454759531041,603694.1132531877,9.768988990915047e-05,0.406214576526314
0.03341655291964894,4.5371567349445076e-05,2.9125765906408384e-05,1.5577810896111823,0.007971273360395855,2143.255579184992,3293.287903177036,0.021680963826992534,612625.7289393612,9.766612349620183e-05,0.4114140666076843
0.03358340898658713,4.520979021114239e-05,2.901739712683708e-05,1.558023623329385,0.007947878042068405,2186.2506984947872,3293.034253457985,0.021569268315701936,621595.1580181955,9.76419039873028e-05,0.4166481417206111
0.03375026505352531,4.504884231540524e-05,2.89095838275131e-05,1.55826671819926,0.007922271872089586,2229.0254320107924,3292.775868764146,0.02145943186475746,630601.1915101979,9.76172253849139e-05,0.42191692030644434
0.033917121120463495,4.4888701615285206e-05,2.8802311239965952e-05,1.5585104001305927,0.007894645228637628,2271.585639097239,3292.5126894542154,0.021351426347319836,639642.577384152,9.759208168168268e-05,0.42722051353564294
0.03408397718740168,4.4729346799923575e-05,2.869556508880558e-05,1.558754694723643,0.007865176293174245,2313.936983489577,3292.2446558926936,0.021245224655834755,648718.0207620923,9.75664668620024e-05,0.43255902543410524
0.03425083325433986,4.457075725825898e-05,2.8589331567411422e-05,1.5589996272967979,0.007834031858325392,2356.084942939801,3291.9717084681447,0.02114080065459864,657826.1841382141,9.754037490361423e-05,0.43793255299691675
0.03441768932127805,4.4412913044949665e-05,2.84835973151049e-05,1.5592452229128173,0.007801368077126296,2398.0348182732196,3291.6937876117977,0.021038129135215605,666965.6876159111,9.751379977924106e-05,0.4433411862924183
0.03458454538821623,4.4255794848346236e-05,2.8378349395695544e-05,1.5594915064037869,0.007767331158566925,2439.791741900246,3291.4108338167334,0.020937185774733868,676135.1091585114,9.74867354582801e-05,0.44878500855075804
0.034751401455154415,4.409938396036533e-05,2.827357527730039e-05,1.559738502394877,0.00773205801350817,2481.3606858230132,3291.1227876572348,0.02083794709626843,685332.9848657389,9.745917590850904e-05,0.45426409624783776
0.0349182575220926,4.398574844765472e-05,2.819435843932909e-05,1.560090418170246,0.0077130199591361115,2528.4317721205784,3290.8295898086617,0.0207403483457333,694557.8092677913,9.743111509784512e-05,0.45978092668542175
0.035085113589030784,4.387260301834553e-05,2.811548324506121e-05,1.5604427864867745,0.007692197535002805,2575.299851826884,3290.531181067635,0.020644409897026643,703808.0356440471,9.740254699613478e-05,0.46533325982240087
0.03525196965596897,4.375993522234642e-05,2.8036941015371315e-05,1.5607956373826568,0.0076697414758076215,2621.9700821266015,3290.2275023725683,0.020550110592881872,713082.0763663364,9.737346557697512e-05,0.4709211562466446
0.03541882572290715,4.364773297406343e-05,2.7958723325229982e-05,1.5611490004865731,0.007645793453655506,2668.447469219137,3289.9184948245206,0.020457429986258924,722378.303268266,9.734386481957025e-05,0.47654467022027863
0.035585681789845336,4.3535984536006976e-05,2.7880821992276018e-05,1.5615029050459128,0.007620486637908631,2714.73687510908,3289.6040997083514,0.02036634831101135,731695.0480422284,9.73137387106167e-05,0.4822038497273711
0.03575253785678352,4.3424678503296885e-05,2.780322906601468e-05,1.561857379953651,0.007593946217696937,2760.8430240246817,3289.2842585142535,0.02027684645417337,741030.602663116,9.7283081246226e-05,0.48789873651136345
0.035919393923721704,4.3313803789005065e-05,2.7725936817599898e-05,1.5622124537739799,0.007566289889721061,2806.770508489323,3288.95891295935,0.02018890592976012,750383.219846422,9.725188643385508e-05,0.49362936611044483
0.03608624999065989,4.320334961028058e-05,2.764893773016186e-05,1.5625681547667785,0.007537628314154289,2852.5237950689097,3288.6280050098353,0.020102508853982657,759751.1135308574,9.722014829429222e-05,0.499395767877386
0.03625310605759807,4.3093305475205795e-05,2.7572224489644243e-05,1.5629245109110097,0.007508065540734358,2898.1072298164386,3288.291476903156,0.020017637921786773,769132.4593973182,9.71878608636464e-05,0.5051979649971357
0.036419962124536256,4.298366117033626e-05,2.7495789976118128e-05,1.5632815499271107,0.0074776994073456485,2943.525043433331,3287.949271170494,0.019934276384631622,778525.3954186498,9.715501819536916e-05,0.5110359744941284
0.03658681819147444,4.2921307346101895e-05,2.7446332963061647e-05,1.5638266650727832,0.0074563418143928795,2992.682542546764,3287.6013306594614,0.019852361128833155,787928.0224428975,9.712161436229867e-05,0.5169132138503214
0.036753674258412625,4.285917050556718e-05,2.7397048054375643e-05,1.5643718411014012,0.007433955686171068,3041.6689795616953,3287.247598556966,0.01977192352059487,797338.4048111928,9.708764345872324e-05,0.5228264369525227
0.03692053032535081,4.2797245257364836e-05,2.7347930973804e-05,1.5649171156077366,0.007410640672684401,3090.488604837034,3286.8880184122827,0.019692948354798276,806754.5710097952,9.705309960246493e-05,0.5287756491251341
0.03708738639228899,4.273552634404281e-05,2.7298977551307787e-05,1.565462525610067,0.007386490715046624,3139.1455631577637,3286.522534160257,0.019615420904979933,816174.5143579644,9.701797693698226e-05,0.5347608498808606
0.03725424245922718,4.2674008636564295e-05,2.7250183718702843e-05,1.5660081075811423,0.007361594377323653,3187.643898070939,3286.1510901446613,0.019539326906246823,825596.1937315682,9.698226963348671e-05,0.5407820329125235
0.03742109852616536,4.261268712907297e-05,2.7201545505507735e-05,1.5665538974778035,0.007336035158006205,3235.9875560125756,3285.7736311416697,0.019464652539042535,835017.5343230063,9.694597189307664e-05,0.5468391860786661
0.037587954593103545,4.25515569339075e-05,2.7153059034989417e-05,1.567099930769332,0.0073098917824941075,3284.1803902380416,3285.3901023834287,0.019391384413714553,844436.4284379034,9.690907794888162e-05,0.5529322913804272
0.03775481066004173,4.249061327685046e-05,2.7104720520394853e-05,1.5676462424646123,0.007283238477891386,3332.226164567626,3285.000449581775,0.019319509555836563,853850.7363277291,9.687158206822566e-05,0.559061324929391
0.037921666726979913,4.242985149259789e-05,2.705652626135759e-05,1.5681928671381824,0.0072561452311858165,3380.128556958187,3284.604618951748,0.01924901539224259,863258.2870640464,9.683347855477386e-05,0.5652262569039256
0.0380885227939181,4.236926702043653e-05,2.7008472640469127e-05,1.5687398389552396,0.007228678032183312,3427.891162911043,3284.202557235709,0.019179889737732988,872656.8794406914,9.679476175074104e-05,0.5714270515000913
0.03825537886085628,4.230885540011683e-05,2.6960556120005446e-05,1.569287191695669,0.007200899101802257,3475.517498725586,3283.7942117268153,0.019112120782414765,882044.2829244918,9.675542603904186e-05,0.5776636668625358
0.038422234927794466,4.2284097514862074e-05,2.693228796429238e-05,1.5700150529700103,0.007179562870566287,3526.2996823729313,3283.3795302929575,0.019045661594394452,891418.2386355893,9.671546584549126e-05,0.5839394501067804
0.03858909099473265,4.225940711728422e-05,2.6904096864924778e-05,1.5707424534431542,0.0071577812964733435,3576.9434385428676,3282.9584614004502,0.01898053666075513,900776.4603688606,9.667487564098392e-05,0.5902511218412421
0.038755947061670834,4.223478248879377e-05,2.6875980859644773e-05,1.5714694361987276,0.007135617196404901,3627.452292323483,3282.5309541379356,0.018916735224936455,910116.6356484799,9.663364994369849e-05,0.5965986304535393
0.03892280312860902,4.221022194602052e-05,2.6847938026407304e-05,1.5721960436776583,0.007113129945631043,3677.829696562804,3282.0969582398293,0.018854246860775782,919436.4268254465,9.659178332126439e-05,0.6029819185222576
0.0390896591955472,4.218572383945611e-05,2.6819966481830207e-05,1.5729223177081815,0.007090375669170514,3728.0790346530707,3281.656424110073,0.018793061462538365,928733.4722057156,9.654927039296044e-05,0.6094009227266521
0.039256515262485386,4.2161286552153444e-05,2.6792064379709263e-05,1.5736482995346908,0.007067407422224023,3778.2036231984,3281.2093028455674,0.01873316923540397,938005.3872177401,9.650610583188987e-05,0.6158555737449556
0.03942337132942357,4.213690849847989e-05,2.6764229909594607e-05,1.5743740298454987,0.007044275360438415,3828.2067145721944,3280.755546259542,0.01867456068638635,947249.7656147293,9.646228436715257e-05,0.6223457961327961
0.039590227396361755,4.2112588122921294e-05,2.6736461295425167e-05,1.575099548799568,0.007021026900610933,3878.091499370272,3280.2951069047726,0.018617226615663778,956464.180712111,9.641780078601026e-05,0.628871508181048
0.03975708346329994,4.208832389893412e-05,2.670875679421805e-05,1.5758248960522738,0.006997706872423748,3927.8611087653335,3279.827938096635,0.018561158108300006,965646.1866594661,9.63726499360384e-05,0.6354326217499582
0.03992393953023812,4.2064114327843094e-05,2.6681114694809888e-05,1.5765501107802504,0.006974357661754948,3977.5186167680477,3279.353993935951,0.018506346526336315,974793.3197462622,9.632682672726699e-05,0.642029042076209
0.04009079559717631,4.208173024257359e-05,2.6675685663182594e-05,1.5775313434831106,0.006953126958454325,4028.2880858056233,3278.873229331639,0.018452741728931864,983903.0997405685,9.62803261343054e-05,0.6486659146811868
0.04025765166411449,4.2099308429872955e-05,2.667026825873561e-05,1.5785108729112127,0.006931875526433974,4078.948823524034,3278.385600023114,0.018400377471521498,992973.031259909,9.623314319845105e-05,0.6553381798507529
0.040424507731052675,4.2116849926190674e-05,2.6664862162046573e-05,1.5794887545354608,0.006910642095004948,4129.503816994424,3277.8910626024212,0.018349245900619975,1002000.6051734714,9.618527302977819e-05,0.6620457405336916
0.04059136379799086,4.213435575057074e-05,2.6659467059057303e-05,1.5804650429520115,0.00688946333183251,4179.956003124864,3277.389574536176,0.01829933941149417,1010983.3000335136,9.613671080921307e-05,0.6687884936258177
0.04075821986492904,4.215182690531399e-05,2.6654082640869685e-05,1.581439791916944,0.006868373956438637,4230.308270569279,3276.881094186973,0.018250650641858334,1019918.583538488,9.608745179056543e-05,0.6755663297618268
0.04092507593186723,4.216926437661642e-05,2.6648708603548932e-05,1.5824130543796986,0.006847406847687292,4280.563461567095,3276.365580834767,0.018203172465846917,1028803.9140206106,9.603749130256413e-05,0.6823791330684804
0.04109193199880541,4.218666913518472e-05,2.6643344647933896e-05,1.5833848825153474,0.0068265931454990925,4330.724373717175,3275.8429946976858,0.018156897988252423,1037636.7419628408,9.598682475084311e-05,0.6892267808760125
0.041258788065743596,4.220404213683014e-05,2.6637990479454032e-05,1.5843553277557576,0.006805962347194396,4380.793761689399,3275.31329695255,0.01811182053901649,1046414.5115402432,9.593544761990771e-05,0.6961091433772948
0.04142564413268178,4.2221384323041864e-05,2.663264580795271e-05,1.585324440819704,0.006785542398755123,4430.774338877115,3274.776449754991,0.018067933667963065,1055134.662185627,9.588335547506787e-05,0.7030260832264915
0.041592500199619964,4.2238696621540886e-05,2.6627310347516496e-05,1.586292271741988,0.006765359781300855,4480.668778993443,3274.232416259151,0.018025231139763242,1063794.6301778671,9.583054396433805e-05,0.7099774550658657
0.04175935626655815,4.2255979946815406e-05,2.6621983816310158e-05,1.5872588699016097,0.006745439593054278,4530.479717614308,3273.6811606369324,0.017983706929121886,1072391.8502513901,9.577700882030191e-05,0.7169631049669996
0.04192621233349633,4.2312849425177844e-05,2.6636848497501458e-05,1.5885080935586955,0.00672600084642131,4580.342696198406,3273.122648096874,0.01794331560195215,1080923.7572246182,9.572274586194625e-05,0.7239898803365891
0.042093068400434516,4.236962931807164e-05,2.6651689762627253e-05,1.5897539591461518,0.00670686528325796,4630.127126527217,3272.556844902184,0.017904091216055462,1089387.787649728,9.566775099642335e-05,0.7310510785568568
0.0422599244673727,4.2426322518633216e-05,2.6666508367902504e-05,1.5909965389282168,0.006688054531416679,4679.835545293601,3271.9837183890254,0.017866028347423665,1097781.381471536,9.561202022084234e-05,0.7381465568411554
0.042426780534310884,4.248293188289533e-05,2.668130505984393e-05,1.5922359040387897,0.006669589114991491,4729.470456658037,3271.403236983368,0.017829121764894144,1106101.983709728,9.555554962393185e-05,0.7452761652964742
0.04259363660124907,4.2539460231290477e-05,2.6696080575662966e-05,1.5934721245211876,0.006651488517697173,4779.0343335667985,3270.81537021792,0.017793366426314898,1114347.046147837,9.549833538771697e-05,0.7524397463635997
0.04276049266818725,4.25959103501097e-05,2.671083564364708e-05,1.5947052693666188,0.006633771243010925,4828.529619031068,3270.220088748256,0.017758757474883008,1122514.0290355596,9.544037378912524e-05,0.7596371341342114
0.04292734873512544,4.2652284992919276e-05,2.6725570983530052e-05,1.5959354065514353,0.006616454871301037,4877.95872736902,3269.6173643683956,0.01772529023564989,1130600.4027998073,9.53816612015492e-05,0.7668681535197306
0.04309420480206362,4.2708586881937144e-05,2.6740287306851763e-05,1.59716260307322,0.006599556114104493,4927.324045412744,3269.007170025766,0.017692960212187244,1138603.649762981,9.532219409635535e-05,0.7741326192354883
0.043261060869001805,4.276481870937152e-05,2.675498531730808e-05,1.5983869249857714,0.006583090865710818,4976.627933681872,3268.389479835541,0.01766176308340781,1146521.265866538,9.526196904434116e-05,0.7814303345541482
0.04342791693593999,4.282098313872335e-05,2.6769665711091288e-05,1.5996084374330322,0.006567074252202429,5025.8727275255915,3267.7642690943344,0.017631694700535452,1154350.7623977838,9.520098271713734e-05,0.788761089768653
0.04359477300287817,4.2877082806054666e-05,2.6784329177221634e-05,1.6008272046820158,0.006551520678090825,5075.060738234758,3267.1315142932162,0.01760275108421942,1162089.6677179383,9.513923188855236e-05,0.7961246602867956
0.04376162906981636,4.297031769006021e-05,2.6816887975863997e-05,1.6023603383336196,0.006534699033394637,5122.826402526259,3266.4911931300503,0.01757489122441905,1169735.5289893649,9.507671343585931e-05,0.8035309186220819
0.04392848513675454,4.3063453466347464e-05,2.684941216483984e-05,1.6038881299137129,0.006518409902735311,5170.541292410185,3265.843284521133,0.017548148709438945,1177285.9138998885,9.50134243410224e-05,0.8109704323080708
0.044095341203692726,4.315649439596088e-05,2.6881903232159682e-05,1.605410674357736,0.006502664047691493,5218.207590885116,3265.1877686120993,0.017522520050560184,1184738.4123821612,9.49493616918597e-05,0.8184430361166629
0.04426219727063091,4.324944470222374e-05,2.6914362652661333e-05,1.6069280651513838,0.006487471732893307,5265.827461624481,3264.5246267880957,0.01749800191830955,1192090.6383258426,9.488452268314433e-05,0.8259485577605342
0.044429053337569094,4.334230857260709e-05,2.694679188866255e-05,1.6084403943774361,0.006472842759985799,5313.403049934072,3263.853841683209,0.01747459114022613,1199340.2312805452,9.481890461763968e-05,0.8334868168276947
0.04459590940450728,4.3435090160558185e-05,2.697919239059956e-05,1.6099477527612132,0.006458786499985645,5360.93648368877,3263.1753971891058,0.017452284698746816,1206484.8581474032,9.475250490706615e-05,0.8410576233747423
0.04476276547144546,4.3527793587290776e-05,2.7011565597652236e-05,1.6114502297147146,0.006445311924120043,5408.429874249727,3262.4892784628964,0.01743107972920729,1213522.214857091,9.468532107300047e-05,0.8486607760533355
0.044929621538383646,4.362042294353943e-05,2.7043912938356736e-05,1.6129479133795026,0.006432427633240098,5455.885317363141,3261.795471934273,0.017410973517955394,1220450.0280317182,9.461735074771153e-05,0.8562960595884099
0.04509647760532183,4.3712982291280126e-05,2.7076235831206356e-05,1.6144408906683887,0.006420141885855573,5503.304894041755,3261.093965311597,0.017391963500573815,1227266.0566301548,9.454859167490268e-05,0.8639632413456355
0.045263333672260014,4.380547566541925e-05,2.710853568524135e-05,1.615929247305976,0.006408462624921939,5550.690671430126,3260.3847475874713,0.017374047260209444,1233968.093571695,9.447904171041075e-05,0.8716620665869009
0.0454301897391982,4.3944091193497684e-05,2.7162973119882725e-05,1.6177938622385757,0.006393213989244245,5594.38391826914,3259.6678090433275,0.01735717634188864,1240553.967338449,9.440869882281551e-05,0.8794142293557222
0.04559704580613638,4.4082619773807704e-05,2.7217376408180426e-05,1.6196498557648737,0.0063786731623534845,5638.049758147619,3258.94314125308,0.017341394832375727,1247021.5435538287,9.433756109396819e-05,0.8872007582127401
0.04576390187307457,4.422106735031273e-05,2.7271747884462537e-05,1.62149736561281,0.00636484367725502,5681.690064672832,3258.21073708606,0.01732670074653394,1253368.726534117,9.426562671945459e-05,0.8950220391583236
0.04593075794001275,4.4359439836097915e-05,2.732608987093056e-05,1.6233365273122151,0.0063517289600239215,5725.306701718858,3257.4705907090147,0.017313092241135215,1259593.4608119002,9.419289400897527e-05,0.9028786370871663
0.046097614006950935,4.4497743115709895e-05,2.7380404678578264e-05,1.6251674742602984,0.006339332346486958,5768.901524164088,3256.7226975871995,0.017300567613686365,1265693.7326292244,9.411936138664381e-05,0.9107713776625095
0.04626447007388912,4.463598304746601e-05,2.7434694608098597e-05,1.6269903377852681,0.006327657098197304,5812.476378619143,3255.967054484727,0.017289125301348907,1271667.571397802,9.404502739121938e-05,0.9187014782830515
0.0464313261408273,4.4774165465735875e-05,2.7488961950779688e-05,1.6288052472081769,0.006316706417707987,5856.03310414603,3255.2036594636925,0.017278763879950917,1277509.038052608,9.397018586636536e-05,0.9266707664629051
0.04659818220776549,4.4912296183197413e-05,2.754320898939086e-05,1.6306123299030555,0.006306483463243444,5899.573532969286,3254.4325118828174,0.017269482063089394,1283217.3451302839,9.389475098644795e-05,0.9346820625439907
0.04676503827470367,4.505038099307024e-05,2.7597437999059714e-05,1.6324117113554226,0.0062969913627484225,5943.099491179956,3253.6536123948376,0.01726127870132185,1288793.4414256276,9.381851598729106e-05,0.9427398925883
0.046931894341641855,4.518842567132847e-05,2.7651651248141156e-05,1.6342035152192294,0.006288233227400294,5986.612799433096,3252.8669629432825,0.017254152781445948,1294235.5438025207,9.37414798600289e-05,0.9508519222107172
0.04709875040858004,4.5326435978895516e-05,2.770585099907935e-05,1.635987863372314,0.006280212164556367,6030.115273639616,3252.072566757731,0.017248103425866038,1299541.9191360415,9.366364170933555e-05,0.9590321440432383
0.047265606475518224,4.5360431524658975e-05,2.7695290659739358e-05,1.6378391576369853,0.0062992349419739874,6099.076578086111,3251.270428349194,0.017243233878184928,1304710.8855375764,9.358500075321277e-05,0.9671140426520148
0.04743246254245641,4.539442143200712e-05,2.7684732071910563e-05,1.6396915568514796,0.006318568297182663,6168.026444784908,3250.4605535034143,0.01723943952707735,1309740.8135377897,9.350555632257928e-05,0.9752262638766545
0.04759931860939459,4.5428407112384446e-05,2.7674174797143387e-05,1.6415451389384772,0.006338234975932498,6236.967736906792,3249.642949273995,0.01723671990314096,1314630.1272208455,9.342530786084923e-05,0.9833688394622883
0.047766174676332776,4.546238997565718e-05,2.766361839747851e-05,1.6433999819705796,0.006358257231691646,6305.90331442099,3248.817623974321,0.017235074670894496,1319377.3053110384,9.334425492339849e-05,0.9915425672529511
0.04793303074327096,4.54963714306403e-05,2.765306243528319e-05,1.6452561641993912,0.0063786568592078905,6374.836035164202,3247.9845871684743,0.017234503628569365,1323980.8822098265,9.32623971769361e-05,1.0
0.047980930769121036,4.5506126628289845e-05,2.765003209130152e-05,1.6457892879844327,0.006371737743596959,6394.62483807758,3247.5409624885247,0.0172346598484892,1325570.2850729798,9.321686715165786e-05,1.0044360836607351
0.04802882849456243,4.5515881825939384e-05,2.7647001747319853e-05,1.6463225286391776,0.006365097855985701,6414.413640990956,3247.095344363355,0.017235148010673027,1327113.6878573117,9.317109466619072e-05,1.0090184478664617
0.04807672161929692,4.552563702358893e-05,2.7643971403338183e-05,1.6468558862020608,0.006358737025181063,6434.202443904333,3246.6477467445043,0.017235968091208264,1328610.92482468,9.312508075272254e-05,1.013608959931932
0.04812460784324727,4.553539222123847e-05,2.7640941059356515e-05,1.6473893607115322,0.006352655076522963,6453.99124681771,3246.1981837988064,0.017237120050241868,1330061.8401202674,9.307882647031262e-05,1.018208015155173
0.048172484866667614,4.5545147418888015e-05,2.7637910715374844e-05,1.64792295220606,0.006346851832278643,6473.780049731087,3245.7466699046436,0.017238603831982276,1331466.287826933,9.303233290465939e-05,1.0228155856308936
0.04822035039025397,4.543547409154668e-05,2.7567384109199965e-05,1.648160518661024,0.006372946816053778,6525.947678394182,3245.2932196470606,0.01724053879322706,1332824.1320160339,9.298560116775532e-05,1.0277086801769066
0.04826820211525463,4.532580076420535e-05,2.7496857503025088e-05,1.648399303782943,0.0063990758466998905,6578.115307057277,3244.8378478133477,0.017242805417791395,1334135.2467928766,9.293863239758414e-05,1.0325303828304089
0.048316037743580564,4.5216127436864015e-05,2.7426330896850208e-05,1.648639316973197,0.006425245094843556,6630.282935720372,3244.3805693882423,0.017245403602087248,1335399.516337608,9.28914277577815e-05,1.0373113260173559
0.0483638549779158,4.510645410952268e-05,2.7355804290675332e-05,1.648880567730116,0.006451460648888482,6682.450564383466,3243.9213995491473,0.017248333226603362,1336616.8349412347,9.284398843729313e-05,1.0420679687514127
0.04841165152182772,4.499678078218135e-05,2.7285277684500452e-05,1.6491230656502356,0.0064777285164968135,6734.618193046561,3243.460353661221,0.017251594155911005,1337787.1070367815,9.279631565001895e-05,1.0468099722340165
0.04845942507987739,4.488710745484002e-05,2.7214751078325575e-05,1.6493668204295684,0.006504054626051612,6786.785821709656,3242.9974472724334,0.017255186238670447,1338910.2472255926,9.274841063445302e-05,1.0515433782908197
0.048507173357729756,4.477743412749869e-05,2.7144224472150696e-05,1.6496118418648957,0.006530444828091396,6838.953450372751,3242.5326961084284,0.017259109307638253,1339986.180298803,9.270027465330087e-05,1.0562721480818937
0.04855489406226387,4.4667760800157355e-05,2.707369786597582e-05,1.6498581398550816,0.006556904896729174,6891.1210790358455,3242.0661160674254,0.017263363179675306,1341014.8412539177,9.265190899309856e-05,1.0609989738249042
0.04860258490168298,4.455808747281602e-05,2.700317125980094e-05,1.6501057244024047,0.006583440531034086,6943.28870769894,3241.5977232147047,0.017267947655755598,1341996.1753065244,9.260331496378916e-05,1.0657257364656656
0.048650243585624635,4.444841414547469e-05,2.6932644653626063e-05,1.6503546056139125,0.006610057356429755,6995.4563363620355,3241.127533777848,0.017272862520975808,1342930.1378970891,9.255449389837083e-05,1.0704537778518666
0.048697867825270635,4.4338740818133354e-05,2.6862118047451183e-05,1.6506047937027974,0.006636760926009835,7047.62396502513,3240.655564140585,0.01727810754456559,1343816.6946929456,9.250544715240555e-05,1.0751840698315427
0.048745455333456984,4.428618106917235e-05,2.6812525226454366e-05,1.651697506860627,0.0066471450001383174,7082.305465929553,3240.1818308379284,0.017283625366320308,1344655.821585415,9.245617610365099e-05,1.0798701954238956
0.04879300382478373,4.423362132021134e-05,2.6762932405457547e-05,1.6527942697038362,0.0066577346270949795,7116.986966833977,3239.7063505502333,0.01728947283734799,1345447.5046820363,9.240668215158592e-05,1.0845648327483632
0.048840511015724695,4.418106157125033e-05,2.671333958446073e-05,1.6538951047869228,0.006668532056700168,7151.6684677384,3239.229140097693,0.01729564967934683,1346191.740294024,9.235696671697372e-05,1.0892675798225746
0.04888797462473718,4.4128501822289325e-05,2.6663746763463914e-05,1.6550000348321845,0.006679539509759216,7186.349968642823,3238.7502164346065,0.017302155598196887,1346888.534918884,9.230703124140283e-05,1.0939780861867483
0.0489353923723715,4.407594207332832e-05,2.6614153942467097e-05,1.656109082731282,0.0066907591787322244,7221.031469547247,3238.2695966436168,0.017308990283974264,1347537.9052182853,9.22568771868191e-05,1.0986960407359363
0.04898276198138049,4.402338232436731e-05,2.6564561121470277e-05,1.65722227154682,0.0067021932283885645,7255.71297045167,3237.787297929862,0.017316153410965943,1348139.877991156,9.220650603504905e-05,1.1034211628267379
0.04903008117682883,4.39708225754063e-05,2.651496830047346e-05,1.6583396245139446,0.006713843796446147,7290.394471356094,3237.303337615042,0.01732364463768546,1348694.4901420455,9.215591928731043e-05,1.1081531956764905
0.04907734768620235,4.3918262826445295e-05,2.6465375479476644e-05,1.6594611650419624,0.006725712994206856,7325.075972260517,3236.8177331316942,0.017331463606889287,1349201.7886450232,9.210511846374108e-05,1.112891901398959
0.04912455923951712,4.386570307748429e-05,2.6415782658479828e-05,1.660586916715973,0.006737802907149037,7359.75747316494,3236.3305020166813,0.017339609945593998,1349661.8305023399,9.205410510284607e-05,1.1176370572159513
0.04917171356942849,4.381314332852328e-05,2.6366189837483008e-05,1.6617169032985242,0.006750115595548725,7394.438974069364,3235.8416619057134,0.01734808326509418,1350074.6826994114,9.200288076104518e-05,1.1223884525445569
0.049218808411339965,4.376058357956227e-05,2.6316597016486192e-05,1.6628511487312811,0.006762653095050366,7429.120474973787,3235.3512305268914,0.017356883160981097,1350440.4221544596,9.195144701212004e-05,1.1271458867250121
0.049265841503512,4.375707484040827e-05,2.6289520477851568e-05,1.664430314629466,0.0067665515163252525,7454.035296616673,3234.859225694661,0.01736596016215231,1350759.135664064,9.189980544669733e-05,1.131883997203863
0.049312810587170575,4.375356610125427e-05,2.6262443939216948e-05,1.6660127367627937,0.00677072691358047,7478.950118259559,3234.3656653036187,0.01737536288386126,1351030.919844182,9.184795767171666e-05,1.1366294119021676
0.04935971340661569,4.375005736210027e-05,2.6235367400582324e-05,1.6675984252131795,0.00677517968911637,7503.864939902444,3233.870567322283,0.0173850908747088,1351255.8810667875,9.179590530988992e-05,1.1413817892286777
0.04940654770932971,4.374654862294627e-05,2.62082908619477e-05,1.6691873901042014,0.006779910241427518,7528.77976154533,3233.3739497868382,0.017395143667674657,1351434.1353922384,9.174364999915422e-05,1.1461408127781676
0.04945331124608553,4.374303988379228e-05,2.6181214323313077e-05,1.6707796416013165,0.006784918965435606,7553.694583188217,3232.87583079484,0.017405520780139867,1351565.8084973395,9.169119339211959e-05,1.1509061874482094
0.04950000177105457,4.373953114463828e-05,2.6154137784678456e-05,1.6723751899120776,0.006790206252714425,7578.609404831102,3232.376228498929,0.017416221713909958,1351651.0355993304,9.163853715551154e-05,1.1556776362525534
0.04954661704191469,4.373602240548428e-05,2.6127061246043833e-05,1.6739740452863523,0.0067957724916997255,7603.524226473988,3231.875161100327,0.017427245955238882,1351689.961375404,9.15856829695915e-05,1.1604548976934153
0.04959315481995783,4.3732513666330276e-05,2.609998470740921e-05,1.675576218016541,0.006801618067907811,7628.439048116874,3231.372646842885,0.017438592974853652,1351682.739879203,9.153263252762544e-05,1.1652377235741254
0.04963961287019753,4.3729004927176276e-05,2.607290816877459e-05,1.6771817184377984,0.006807743364115955,7653.35386975976,3230.8687040061764,0.017450262227979813,1351629.5344517292,9.147938753525647e-05,1.1700258771838912
0.04968598896147629,4.3725496188022275e-05,2.6045831630139965e-05,1.6787905569282566,0.006814148760561865,7678.268691402645,3230.3633508994567,0.017462253154367568,1351530.5176299117,9.142594970995913e-05,1.174819131767686
0.04973228086657269,4.376168199733072e-05,2.603847276183013e-05,1.6806547141843544,0.006815172774546188,7696.789229449643,3229.8566058551305,0.017474525483770233,1351385.8710505245,9.137232078044111e-05,1.1796019907622832
0.04977848636230838,4.3797867806639165e-05,2.6031113893520295e-05,1.6825199254166914,0.006816502620532323,7715.309767496641,3229.3484872225545,0.01748711831961727,1351195.7853511088,9.131850248607419e-05,1.1843902576372647
0.04982460322965484,4.3834053615947606e-05,2.6023755025210462e-05,1.6843861915193812,0.006818137735534953,7733.830305543639,3228.8390133611138,0.017500031055397294,1350960.4600657248,9.126449657625063e-05,1.1891836746093127
0.04987062925383994,4.3870239425256055e-05,2.6016396156900625e-05,1.686253513387551,0.006820077565480609,7752.350843590637,3228.3282026344473,0.017513263069235657,1350680.1035196173,9.121030480984893e-05,1.1939819949416204
0.04991656222445431,4.3906425234564496e-05,2.6009037288590792e-05,1.6881218919173386,0.0068223215651778205,7770.871381637635,3227.8160734036446,0.01752681372392431,1350354.9327182728,9.11559289545943e-05,1.1987849816710556
0.0499623999355575,4.3942611043872944e-05,2.6001678420280955e-05,1.6899913280058991,0.006824869198295633,7789.391919684632,3227.3026440209496,0.017540682366952432,1349985.173234172,9.110137078646556e-05,1.2035924065083758
0.050008140185783916,4.3978796853181385e-05,2.5994319551971122e-05,1.6918618225514013,0.006827719937333812,7807.91245773163,3226.787932823379,0.01755486833053772,1349571.0590901216,9.104663208908947e-05,1.2084040488895154
0.05005378077844855,4.4014982662489834e-05,2.5986960683661286e-05,1.6937333764530325,0.006830873263587607,7826.432995778628,3226.271958126347,0.017569370931658498,1349112.8326394074,9.099171465313308e-05,1.213219695153991
0.05009931952165246,4.4051168471798275e-05,2.5979601815351452e-05,1.6956059906109977,0.0068343286671073535,7844.9535338256255,3225.7547382173157,0.01758418947208651,1348610.7444429186,9.093662027569368e-05,1.2180391378313755
0.05014475422838806,4.408735428110672e-05,2.5972242947041616e-05,1.697479665926524,0.006838085646652659,7863.474071872623,3225.2362913494576,0.01759932323842044,1348065.0531433234,9.088135075968676e-05,1.2228621750200173
0.05019008271664411,4.4123540090415165e-05,2.5964884078731783e-05,1.6993544033018582,0.006842143709641862,7881.994609919621,3224.716635735353,0.01761477150212019,1347476.0253364122,9.082590791323439e-05,1.2276886098447028
0.05023530280951056,4.4191492268444924e-05,2.5973545997078028e-05,1.7014038927690651,0.0068420914761555575,7895.4251986315385,3224.1957895407204,0.01763050175317313,1346843.93543972,9.077029354905086e-05,1.232508609339538
0.05028041233528306,4.4259444446474684e-05,2.5982207915424277e-05,1.7034520157234276,0.006842354009688024,7908.855787343456,3223.6737708781566,0.017646544999236,1346169.0655584703,9.071450948382893e-05,1.2373319856024523
0.05032540912756728,4.432739662450444e-05,2.5990869833770523e-05,1.7054987735311902,0.006842930164317517,7922.286376055373,3223.1505978009436,0.017662900466565153,1345451.7053490612,9.065855753762597e-05,1.242158533609556
0.05037029102538291,4.4395348802534196e-05,2.5999531752116772e-05,1.707544167556776,0.006843818810025005,7935.71696476729,3222.6262882968654,0.017679567366422462,1344692.1518800901,9.060243953324896e-05,1.2469880533457707
0.05041505587326751,4.4463300980563956e-05,2.6008193670463017e-05,1.7095881991627906,0.006845018832506181,7949.147553479208,3222.1008602820957,0.01769654489511318,1343890.7094910878,9.054615729564273e-05,1.2518203493765767
0.05045970152137994,4.4531253158593716e-05,2.6016855588809263e-05,1.7116308697100246,0.006846529132980591,7962.578142191125,3221.5743315951045,0.017713832234024552,1343047.689649064,9.04897126512752e-05,1.256655230468616
0.05050422582560371,4.4599205336623475e-05,2.6025517507155512e-05,1.7136721805574577,0.006848348627998497,7976.008730903042,3221.0467199906357,0.017731428549665126,1342163.4108029453,9.043310742752843e-05,1.2614925092529847
0.05054862664764985,4.466715751465323e-05,2.6034179425501758e-05,1.7157121330622602,0.006850476249245057,7989.4393196149595,3220.518043133725,0.01774933299370476,1341238.198236044,9.037634345208696e-05,1.266332001925963
0.05059290185515966,4.473510969268299e-05,2.6042841343848007e-05,1.7177507285797975,0.00685291094334245,8002.869908326877,3219.988318593778,0.017767544703015403,1340272.38391668,9.031942255233127e-05,1.271173527982602
0.05063704932180712,4.480306187071275e-05,2.6051503262194252e-05,1.7197879684636326,0.006855651671649465,8016.300497038794,3219.457563838708,0.017786062799712513,1339266.306347006,9.02623465547319e-05,1.2760169099792804
0.05068106692740097,4.490045804369927e-05,2.607499039494177e-05,1.7219740971566921,0.006854631583924331,8024.97107250747,3218.92579622914,0.01780485694720228,1338220.3104102316,9.020511728424703e-05,1.2808544548693825
0.05072495255798657,4.499785421668579e-05,2.609847752768929e-05,1.7241562910688997,0.006853925110066648,8033.6416479761465,3218.39303301267,0.017823955682209357,1337134.7472162754,9.014773656372256e-05,1.2856937419435273
0.05076870410594739,4.509525038967232e-05,2.6121964660436806e-05,1.7263345608139355,0.006853530669278045,8042.312223444823,3217.859291318208,0.01784335808283555,1336009.9739460303,9.00902062132958e-05,1.290534590659285
0.05081231947010627,4.5192646562658844e-05,2.6145451793184323e-05,1.7285089169673404,0.006853446700885979,8050.982798913499,3217.3245881503763,0.01786306321259908,1334846.3536942722,9.003252804980341e-05,1.2953768235178444
0.050855796555826276,4.529004273564537e-05,2.616893892593184e-05,1.7306793700666887,0.00685367166404143,8059.653374382176,3216.7889403840036,0.017883070120479523,1333644.2553114118,8.99747038861923e-05,1.3002202658731115
0.05089913327511135,4.538743890863189e-05,2.619242605867936e-05,1.7328459306117576,0.006854204037416223,8068.323949850852,3216.252364758678,0.017903377840963502,1332404.053244122,8.991673553093568e-05,1.3050647457599225
0.050942327546706544,4.548483508161841e-05,2.6215913191426878e-05,1.735008609064698,0.0068550423188999555,8076.994525319528,3215.7148778733595,0.017923985394091055,1331126.127374861,8.985862478745092e-05,1.3099100937396353
0.05098537729619801,4.5582231254604934e-05,2.6239400324174395e-05,1.7371674158502,0.006856185025299841,8085.665100788205,3215.176496181337,0.01794489178550269,1329810.8628615565,8.980037345354829e-05,1.3147561427584646
0.051028280456112574,4.5679627427591464e-05,2.626288745692191e-05,1.7393223613556639,0.006857630692031581,8094.335676256881,3214.637235984457,0.01796609600648715,1328458.6499733117,8.974198332080284e-05,1.3196027280268234
0.051071034966017094,4.5777023600577986e-05,2.6286374589669432e-05,1.741473455931363,0.0068593778728247064,8103.006251725557,3214.0971134287634,0.017987597034029853,1327069.883930651,8.968345617406649e-05,1.324449686899225
0.05111363877261734,4.587441977356451e-05,2.630986172241695e-05,1.7436207098906131,0.006861425139415082,8111.676827194234,3213.5561444990385,0.01800939383086201,1325644.9647405248,8.962479379086445e-05,1.3292968587755178
0.05115608982985666,4.599932541635214e-05,2.63468173590536e-05,1.7459158269279653,0.006859852998340956,8115.712021624204,3213.014345014013,0.018031457836040654,1324184.297033092,8.956599794085772e-05,1.3341380899715267
0.05119838609901421,4.6124231059139765e-05,2.6383772995690255e-05,1.748204514444317,0.006858583483090608,8119.747216054174,3212.4717306215584,0.018053815493408544,1322688.2898977604,8.950707038529829e-05,1.3389793752068855
0.0512405255488029,4.62491367019274e-05,2.6420728632326906e-05,1.7504867994192852,0.006857614694867716,8123.782410484144,3211.9283167939802,0.018076465723235922,1321157.3567189167,8.94480128764947e-05,1.343820553204446
0.051282506155466895,4.637404234471503e-05,2.645768426896356e-05,1.7527627086817474,0.006856944756995111,8127.817604914114,3211.3841188234214,0.018099407431742175,1319591.9150115887,8.93888271572819e-05,1.3486614647485076
0.051324325902878845,4.649894798750266e-05,2.6494639905600212e-05,1.7550322689108941,0.006856571814538468,8131.852799344084,3210.8391518173644,0.018122639511148373,1317992.3862569975,8.932951496050172e-05,1.3535019526000776
0.051365982782636696,4.6623853630290285e-05,2.6531595542236867e-05,1.7572955066372706,0.006856494033931999,8135.887993774055,3210.293430694242,0.018146160839730457,1316359.1957382143,8.927007800848925e-05,1.3583418614197593
0.05140747479416015,4.6748759273077916e-05,2.656855117887352e-05,1.759552448243812,0.006856709602606013,8139.923188204025,3209.7469701791706,0.018169970281873126,1314692.7723759683,8.921051801256888e-05,1.3631810376976372
0.05144879994478674,4.687366491586555e-05,2.6605506815510173e-05,1.7618031199668662,0.006857216728616572,8143.958382633995,3209.199784799783,0.01819406668812435,1312993.5485646802,8.915083667255913e-05,1.3680193296894119
0.05148995624986753,4.699857055865318e-05,2.6642462452146825e-05,1.764047547897213,0.0068580136402770974,8147.993577063965,3208.6518888821915,0.018218448895250604,1311261.9600088643,8.909103567628607e-05,1.3728565873582563
0.05153094173286243,4.7123476201440804e-05,2.667941808878348e-05,1.7662857579810702,0.0068590985857921016,8152.028771493935,3208.103296547055,0.0182431157262927,1309498.4455599608,8.903111669910589e-05,1.3776926623219004
0.051571754425435094,4.7248381844228436e-05,2.671637372542013e-05,1.7685177760210953,0.006860469832892944,8156.063965923905,3207.5540217057774,0.018268065990622348,1307703.4470536956,8.897108140343824e-05,1.3825274078043543
0.051612392367547506,4.739712205665473e-05,2.676449335690675e-05,1.7708955452513206,0.006858631210490932,8155.943724408109,3207.004078056829,0.01829327464942966,1305877.4091480505,8.891093143830852e-05,1.3873561406942532
0.05165285360755405,4.754586226908102e-05,2.681261298839337e-05,1.773264779887833,0.006857076963028743,8155.823482892313,3206.4534790821835,0.018318764319489922,1304020.7791619434,8.885066843890074e-05,1.3921833576630804
0.051693136202295265,4.769460248150731e-05,2.686073261987999e-05,1.7756255257984994,0.006855804983262496,8155.703241376517,3205.902238043893,0.01834453376951316,1302134.0069146946,8.879029402612091e-05,1.3970089129504533
0.051733238217191196,4.7843342693933604e-05,2.690885225136661e-05,1.7779778285230952,0.006854813186263447,8155.582999860721,3205.350367980782,0.018370581754772904,1300217.5445663475,8.872980980617186e-05,1.4018326624143929
0.05177315772633424,4.799208290635989e-05,2.695697188285323e-05,1.780321733276231,0.0068540995090090005,8155.4627583449255,3204.797881705284,0.01839690701716598,1298271.8464589757,8.866921737013754e-05,1.4066544634914226
0.05181289281258169,4.814082311878618e-05,2.7005091514339848e-05,1.7826572849502527,0.006853661909977306,8155.342516829131,3204.2447918003945,0.018423508285272908,1296297.3689589677,8.860851829358043e-05,1.4114741751599762
0.05185244156764777,4.828956333121247e-05,2.7053211145826467e-05,1.7849845281181034,0.006853498368745277,8155.222275313335,3203.6911106167745,0.018450384274418995,1294294.5703004685,8.854771413614978e-05,1.41629165790689
0.05189180209219531,4.8438303543638764e-05,2.710133077731309e-05,1.7873035070361623,0.0068536068855900665,8155.102033797539,3203.13685026998,0.018477533686735995,1292263.9104299643,8.84868064412017e-05,1.4211067736966827
0.05193097249592695,4.8587043756065056e-05,2.7149450408799708e-05,1.7896142656470488,0.00685398548109412,8154.981792281743,3202.58202263783,0.018504955211224472,1290205.850852125,8.842579673543172e-05,1.4259193859433859
0.05196995089767592,4.873578396849135e-05,2.7197570040286327e-05,1.791916847582398,0.006854632195753643,8154.861550765947,3202.02663935792,0.018532647523816732,1288120.85447699,8.836468652851909e-05,1.4307293594847417
0.05200873542549638,4.892222923545902e-05,2.7264457489516317e-05,1.7943591672150643,0.006850727230141359,8149.010415942658,3201.4707118252645,0.0185605715823859,1286009.3854685123,8.830347731278448e-05,1.4355301148748165
0.052047324216753336,4.910867450242669e-05,2.7331344938746308e-05,1.7967895327685732,0.006847084726234467,8143.15928111937,3200.9142511900964,0.018588763741973737,1283871.9090945858,8.824217056285959e-05,1.4403280951351891
0.05208571541821207,4.929511976939436e-05,2.7398232387976298e-05,1.799208031793595,0.0068437022287338774,8137.30814629608,3200.357268355792,0.018617222639691844,1281708.8915785556,8.818076773537148e-05,1.4451231652391656
0.052123907186127166,4.9481565036362035e-05,2.746511983720629e-05,1.801614750987929,0.006840577305986201,8131.457011472791,3199.799773976955,0.018645946899841677,1279520.7999523485,8.811927026863736e-05,1.449915191665904
0.05216189768633103,4.96680103033297e-05,2.753200728643628e-05,1.8040097762068654,0.006837707549546857,8125.6058766495025,3199.2417784576614,0.018674935133980615,1277308.101911308,8.805767958237882e-05,1.4547040423747901
0.05219968509432202,4.9854455570297375e-05,2.7598894735666273e-05,1.8063931924733951,0.0068350905737485914,8119.754741826214,3198.6832919497715,0.01870418594098862,1275071.2656703577,8.799599707743754e-05,1.459489586782325
0.05223726759535201,5.004090083726505e-05,2.7665782184896263e-05,1.8087650839882692,0.006832724015275221,8113.903607002925,3198.1243243513645,0.018733697907135537,1272810.759821697,8.793422413550568e-05,1.4642716957410147
0.05227464338451359,5.0227346104232715e-05,2.7732669634126254e-05,1.811125534139915,0.006830605532737776,8108.0524721796355,3197.5648853059024,0.018763469606148993,1270527.053197504,8.78723621189288e-05,1.4690502415150049
0.052311810666826726,5.041379137120039e-05,2.7799557083356244e-05,1.8134746255142107,0.006828732806261228,8102.201337356347,3197.004984200308,0.018793499599282892,1268220.6147277516,8.781041237039459e-05,1.4738250977674254
0.05247389106191003,5.122860970822219e-05,2.8091874078234216e-05,1.823609545078891,0.006823030988061572,8076.630229953394,3194.603703324144,0.018925169822812737,1258152.333013034,8.754376206079713e-05,1.4942561185816887
0.05263597145699332,5.2042348617755554e-05,2.8383803827286623e-05,1.8335226995799947,0.006820849792383097,8051.092997777576,3192.2921044190725,0.019056402500993934,1248224.0514767165,8.728536078283602e-05,1.5138676617734614
0.05279805185207662,5.320246271893058e-05,2.8854664047559953e-05,1.8438080800815824,0.0067797040063056115,7976.191137580477,3190.0612460036864,0.019186850179207342,1238442.3566660306,8.703434135600582e-05,1.532694487219226
0.052960132247159925,5.43610420440153e-05,2.9324901342030366e-05,1.8537502107842219,0.006740920859007091,7901.3883690020675,3187.903615391284,0.0193168607674207,1228811.8499659162,8.678997629809804e-05,1.5508591350277816
0.05312221264224322,5.5518089691044345e-05,2.979451696810975e-05,1.863365992825712,0.006704118723466885,7826.684492020163,3185.8128182749224,0.01944643426253598,1219335.618362579,8.655164729900169e-05,1.5684205516757384
0.05328429303732652,5.667360877037189e-05,3.0263512188210188e-05,1.8726712358405755,0.0066689768365737045,7752.079305817178,3183.7833510299824,0.019575570661442818,1210015.578899865,8.631882285339987e-05,1.5854291854269498
0.05344637343240982,5.7827602404712085e-05,3.0731888269760346e-05,1.8816807446750177,0.006635222879488518,7677.572608777512,3181.810430212645,0.019704269961018497,1200852.7356049004,8.609104153084853e-05,1.6019286355124231
0.053608453827493116,5.898007372917889e-05,3.119964648522166e-05,1.890408397964252,0.006602623600868619,7603.164198484985,3179.8898625594566,0.019832532158127917,1191847.3743340417,8.586789923477996e-05,1.6179569093466437
0.05377053422257642,6.013102589132635e-05,3.166678811210467e-05,1.8988672194494267,0.006570977624263847,7528.853871720228,3178.0179442693884,0.01996035724962351,1182999.212673877,8.56490393433221e-05,1.6335473961496965
0.05393261461765972,6.128046205118848e-05,3.21333144329852e-05,1.907069442804923,0.006540109852477579,7454.641424458117,3176.191381852448,0.020087745232345244,1174307.5167146053,8.543414497094503e-05,1.6487296315891988
0.05409469501274301,6.242838538131908e-05,3.2599226735520554e-05,1.9150265706547045,0.006509867058908091,7380.526651865194,3174.407229126015,0.020214696103120572,1165771.1930137123,8.522293281680651e-05,1.6635299058893565
0.054256775407826315,6.357479906683172e-05,3.3064526312465703e-05,1.922749428376456,0.006480114374255711,7306.5093482970915,3172.662836481841,0.020341209858764378,1157388.861713877,8.501514821786787e-05,1.6779717529593585
0.054418855802909616,6.491766477215085e-05,3.360793881924678e-05,1.9316169647087502,0.006444610013358334,7225.724796074129,3170.955809603034,0.020467088537612237,1149158.9151626832,8.481056112908068e-05,1.6920545239232452
0.05458093619799291,6.625876732605838e-05,3.415063783805611e-05,1.9401912093197349,0.006409307962256411,7145.046312087716,3169.2839755475475,0.020592530354835364,1141079.5652509788,8.460896282564881e-05,1.7058200520023175
0.05474301659307621,6.759811050885823e-05,3.4692624898655336e-05,1.9484864782162474,0.0063741111365922705,7064.4736689210995,3167.6453546379407,0.02071753530665346,1133148.8818826238,8.441016317393957e-05,1.7192856456598635
0.05490509698815951,6.893569811577144e-05,3.523390153684253e-05,1.9565161707592456,0.006338932479484022,6984.006638260138,3166.0381369742136,0.0208421033892713,1125364.8244073447,8.421398835477457e-05,1.732467083526645
0.05506717738324281,7.02715339569821e-05,3.577446929447081e-05,1.964292841874332,0.006303693635147641,6903.644990890536,3164.4606626620935,0.0209662345988787,1117725.2674232826,8.402027894995643e-05,1.7453788020362793
0.05522925777832611,7.160562185768372e-05,3.631432971946714e-05,1.9718282675419412,0.00626832383727441,6823.388496695056,3162.911405053082,0.021089928931650473,1110228.0220402498,8.382888832296666e-05,1.7580340541042276
0.05539133817340941,7.293796565812494e-05,3.685348436585073e-05,1.979133504285714,0.006232758971558844,6743.2369246507715,3161.3889564453575,0.021213186383746363,1102870.8534580865,8.363968123979445e-05,1.7704450441501653
0.055553418568492705,7.426856921365522e-05,3.739193479375163e-05,1.9862189432911037,0.006196940780489669,6663.190042826314,3159.8920158102574,0.021336006951311024,1095651.4955348857,8.345253268723045e-05,1.7826230436521
0.055715498963576006,7.559743639477065e-05,3.792968256942919e-05,1.9930943597113349,0.006160816185150688,6583.247618379121,3158.419378197603,0.021458390630473955,1088567.6628824186,8.326732685465535e-05,1.7945784905701265
0.05587757935865931,7.692457108715933e-05,3.846672926529048e-05,1.9997689576527204,0.006124336703876499,6503.4094175527025,3156.969925541391,0.021580337417349476,1081617.060919636,8.308395625206117e-05,1.8063210753203995
0.0560396597537426,7.824997719174664e-05,3.9003076459908547e-05,2.0062514112747025,0.0060874579515585335,6423.675205673919,3155.542618640624,0.02170184730803665,1074797.3942321946,8.29023209422695e-05,1.8178598154680465
0.0562017401488259,7.970240864721e-05,3.956471063464767e-05,2.0144822840537318,0.006059992792847833,6354.377004091817,3154.1364901318325,0.021822791548596815,1068106.3735208188,8.272232786941085e-05,1.8291912759121556
0.056363820543909204,8.115295199204197e-05,4.012561470439472e-05,2.0224724926931468,0.006032162818192586,6285.168887773739,3152.7506383029354,0.02194329905249147,1061541.7213695827,8.254389026897144e-05,1.8403354967944814
0.0565259009389925,8.260161155705319e-05,4.068579034381134e-05,2.030232443785318,0.006003935110292968,6216.05065008867,3151.3842216244,0.0220633698153898,1055101.1770240343,8.236692714730151e-05,1.8512998174138307
0.05668798133407581,8.40483916899713e-05,4.124523923410076e-05,2.0377719526107567,0.0059752792856956815,6147.02208359845,3150.0364538949175,0.022183003832944085,1048782.5003360526,8.219136282054863e-05,1.8620911227269075
0.0568500617291591,8.549329675548908e-05,4.180396306302635e-05,2.045100284549431,0.005946167254418959,6078.082980055482,3148.706599915781,0.022302201100789627,1042583.4750055493,8.201712650465618e-05,1.8727158824709096
0.0570121421242424,8.693633113531423e-05,4.2361963524930926e-05,2.0522261930599686,0.005916573008086053,6009.2331304003565,3147.393971622164,0.022420961614544727,1036501.9112275699,8.184415194942082e-05,1.883180185943786
0.057174222519325704,8.837749922821699e-05,4.291924232075511e-05,2.0591579545540797,0.005886472432588832,5940.472324759578,3146.09792461074,0.0225392853698106,1030535.6478354383,8.167237711072221e-05,1.893489773020969
0.057336302914409,8.981680545007856e-05,4.347580115805613e-05,2.0659034004583345,0.00585584314193717,5871.800352443254,3144.817855012499,0.02265717236217138,1024682.5540162389,8.150174385593935e-05,1.903650061898121
0.0574983833094923,9.125425423393969e-05,4.403164175102652e-05,2.072469946724443,0.005824664330471017,5803.217001942781,3143.55319666725,0.022774622587194017,1018940.530662861,8.133219769832807e-05,1.913666173975766
0.0576604637045756,9.268985003004778e-05,4.4586765820512395e-05,2.078864621021812,0.0057929166410425805,5734.722060928591,3142.3034185627434,0.022891636040428265,1013307.5114168527,8.116368755675636e-05,1.9235429562405062
0.057822544099658896,9.412359730590487e-05,4.5141175094032e-05,2.0850940878220228,0.005760582047132451,5666.3153162478675,3141.0680225066394,0.02300821271740662,1007781.4634481784,8.09961655377108e-05,1.9332850014465275
0.0579846244947422,9.566194962196215e-05,4.5701992750734194e-05,2.0931680188152266,0.005738318594700396,5608.429772603193,3139.84654100404,0.023124246164568638,1002360.3880109926,8.082958673692929e-05,1.9428880870006262
0.0581467048898255,9.719832565203686e-05,4.626208993783904e-05,2.1010362001076754,0.005715558764754173,5550.618593190497,3138.638535317038,0.023239842963240498,997042.3208087699,8.066390905837649e-05,1.9523651180241537
0.05830878528490879,9.873273025166598e-05,4.682146842546829e-05,2.1087064026800326,0.005692288673112186,5492.881595304303,3137.443593685916,0.02335500310856666,991825.3321973376,8.049909304858757e-05,1.961720018555991
0.058470865679992094,0.0001002651682951262,4.738012999057537e-05,2.116186011204918,0.005668495333253573,5435.218595533986,3136.2613296943023,0.02346972659567285,986707.5272501525,8.033510174466922e-05,1.970956522405756
0.058632946075075396,0.00010179564467548323,4.7938076416963375e-05,2.123482047758216,0.005644166591002786,5377.629409761927,3135.0913807629054,0.023584013419666,981687.0457067731,8.017190053446937e-05,1.9800781855649336
0.05879502647015869,0.00010332416430464194,4.84953094953034e-05,2.130601193805115,0.005619291065327894,5320.113853161617,3133.9334067583554,0.023697863575634213,976762.0618224731,8.000945702761432e-05,1.9890883975488767
0.05895710686524199,0.00010485073211339529,4.905183102315227e-05,2.1375498106055644,0.005593858094574849,5262.671740195827,3132.7870887053973,0.02381127705864669,971930.7841344787,7.9847740936277e-05,1.9979903917816388
0.05911918726032529,0.00010637535305147339,4.960764280497054e-05,2.144333958170149,0.005567857687546126,5205.302884614749,3131.6521275920772,0.0239242538637537,967191.4551581324,7.968672396467888e-05,2.006787255122058
0.05928126765540859,0.00010789803208759239,5.016274665214024e-05,2.150959412885116,0.005541280478906287,5148.007099454169,3130.5282432588338,0.02403679398598653,962542.3510244464,7.952637970644845e-05,2.0154819366176935
0.05944334805049189,0.00010941877420950266,5.071714438298247e-05,2.1574316839143024,0.005514117688460209,5090.784197033646,3129.4151733634562,0.024148897420357425,957981.7810690303,7.936668354906126e-05,2.0240772555630606
0.05960542844557519,0.00011106248250828016,5.128572159060269e-05,2.1655634173358425,0.0054964478698590275,5042.888426976753,3128.312672414804,0.02426043926377531,953508.0873808475,7.920761258468013e-05,2.032566751902419
0.059767508840658484,0.00011270410547016771,5.1853577456713157e-05,2.1735068436551357,0.005478289548984505,4995.053421239323,3127.22051086896,0.024371544567753946,949119.6443181045,7.904914552678484e-05,2.0409623297368142
0.059929589235741786,0.00011434364855518868,5.242071386999743e-05,2.181268435961387,0.005459635779909548,4947.279020722554,3126.1384742824657,0.024482213326833306,944814.8579993529,7.889126263208538e-05,2.0492664548226953
0.06009166963082509,0.00011598111724417222,5.298713272633602e-05,2.188854374196521,0.0054404800321673115,4899.5650657213855,3125.0663625167335,0.02459244553553256,940592.1657686728,7.873394562712941e-05,2.0574814900324756
0.06025375002590838,0.00011761651703880353,5.3552835928823786e-05,2.196270561565138,0.005420816166211591,4851.911395923034,3124.0039889911154,0.024702241188350033,936450.0356536589,7.857717763940608e-05,2.065609700791118
0.06041583042099168,0.00011924985346167431,5.411782538778738e-05,2.2035226398543557,0.005400638410840486,4804.31785040553,3122.95117997828,0.024811600279763122,932386.9658031206,7.842094313228897e-05,2.073653260115955
0.060577910816074984,0.00012088113205633243,5.468210302080242e-05,2.210616003747081,0.005379941342344188,4756.78426763626,3121.9077739400777,0.02492052280422828,928401.4839206911,7.826522784367893e-05,2.081614253316045
0.06073999121115828,0.00012251035838733158,5.5245670752710695e-05,2.2175558142050518,0.005358719865240669,4709.310485470526,3120.8736209000062,0.025029008756180957,924492.1466923052,7.811001872796434e-05,2.089494682365735
0.06090207160624158,0.00012413753804028,5.580853051563697e-05,2.22434701099141,0.005336969194452158,4661.896341150128,3119.8485818495215,0.025137058130035545,920657.5392110533,7.795530390103576e-05,2.09729646998575
0.06106415200132488,0.00012576267662188942,5.6370684249005964e-05,2.2309943243966766,0.005314684838793781,4614.54167130193,3118.832528185618,0.025244670920185334,916896.2744017188,7.780107258811343e-05,2.1050214634553357
0.061226232396408176,0.00012738577976002284,5.6932133899558856e-05,2.237502286226617,0.00529186258565956,4567.2463119364775,3117.8253411773435,0.025351847121002455,913206.9924469264,7.764731507416488e-05,2.1126714381776455
0.06138831279149148,0.0001291232725938464,5.749468272347284e-05,2.245829813773899,0.00527569766191592,4526.186496578987,3116.826911459153,0.025458470307347745,909588.360216595,7.749402265671297e-05,2.1202402583420934
0.06155039318657478,0.00013085859593846082,5.8056529130905244e-05,2.2539858633884617,0.005259063987136171,4485.177949822216,3115.8371385492005,0.025564657038406102,906039.0707020937,7.734118760085707e-05,2.127737525368521
0.06171247358165807,0.00013259175589421855,5.861767509696989e-05,2.2619756869387095,0.005241958123655929,4444.220527504793,3114.855930390829,0.02567040730807717,902557.8424563053,7.7188803096344e-05,2.135164814122324
0.061874553976741374,0.0001343227585843445,5.9178122604186015e-05,2.269804324188599,0.005224376844202522,4403.314084924837,3113.8832029157156,0.025775721110237737,899143.4190406544,7.703686321654016e-05,2.1425236399453254
0.062036634371824675,0.0001360516101549853,5.973787364249423e-05,2.2774766133993376,0.005206317121885164,4362.458476838785,3112.918879627243,0.02588059843874165,895794.5684799027,7.688536287917551e-05,2.1498154612422016
0.06219871476690797,0.0001377783167752578,6.029693020927223e-05,2.2849972013014814,0.005187776120851644,4321.653557460255,3111.9628912027965,0.025985039287419784,892510.0827254654,7.673429780873483e-05,2.15704168191642
0.06236079516199128,0.00013950288463729807,6.085529430935066e-05,2.2923705524806395,0.005168751187558654,4280.8991804588795,3111.0151751138246,0.026089043650080013,889288.7771278085,7.658366450038909e-05,2.164203653666893
0.06252287555707457,0.00014122531995630798,6.141296795502817e-05,2.2996009582165975,0.005149239842607806,4240.195198959208,3110.0756752625593,0.026192611520507128,886129.4899184046,7.643346018536709e-05,2.171302678155583
0.06268495595215787,0.00014294562897060345,6.196995316608706e-05,2.306692544812672,0.005129239773103642,4199.541465539569,3109.1443416344578,0.026295742892462816,883031.0817016575,7.628368279767458e-05,2.1783400090553924
0.06284703634724118,0.00014466381794166073,6.252625196980829e-05,2.3136492814492344,0.00510874882549399,4158.937832230971,3108.22112996541,0.0263984377596856,879992.4349570478,7.613433094208096e-05,2.185316853986947
0.06300911674232447,0.00014651176286788873,6.30915656691573e-05,2.322208385763866,0.005094513646380943,4123.846966312066,3107.30600142294,0.026500564246177076,877012.4535517487,7.598540386329627e-05,2.192226040904183
0.06317119713740776,0.0001483574383990137,6.365618512696113e-05,2.3306052366021848,0.0050798519155977155,4088.799194231157,3106.3989223006015,0.026602254377287513,874090.0622638896,7.583690141626953e-05,2.199077132589067
0.06333327753249107,0.00015020085135278267,6.42201124288695e-05,2.3388444160565096,0.005064761839060441,4053.794386525162,3105.4998637249014,0.026703508146199165,871224.2063165227,7.568882403754676e-05,2.2058712057362078
0.06349535792757437,0.00015204200857207674,6.478334966822099e-05,2.3469303355065607,0.0050492417462724695,4018.8324132537236,3104.608801374092,0.026804325546069152,868413.8509224033,7.554117271762932e-05,2.21260929790665
0.06365743832265766,0.00015388091692495953,6.534589894605791e-05,2.3548672434973463,0.005033290085449901,3983.913143998291,3103.725715208248,0.02690470657002941,865657.9808395704,7.539394897428116e-05,2.219292409007819
0.06381951871774097,0.00015571758330472298,6.590776237114026e-05,2.3626592331847807,0.005016905418935123,3949.0364478612505,3102.8505892100366,0.027004651211186642,862955.5999373776,7.524715482672877e-05,2.225921502701242
0.06398159911282426,0.00015755201462993275,6.646894205995968e-05,2.370310249376464,0.005000086418864918,3914.2021934650597,3101.9834111360306,0.027104159462622287,860305.7307754771,7.510079277075757e-05,2.232497507743204
0.06414367950790756,0.0001593842178444742,6.702944013675343e-05,2.377824095193076,0.004982831863119107,3879.4102489513793,3101.1241722769128,0.027203231317392464,857707.4141872542,7.495486575451074e-05,2.2390213192594044
0.06430575990299087,0.00016121419991759633,6.758925873351793e-05,2.3852044383740107,0.00496514063145086,3844.6604819802355,3100.2728672283447,0.027301866768527916,855159.7088832487,7.48093771552319e-05,2.2454937999682922
0.06446784029807416,0.00016304196784395561,6.81483999900221e-05,2.392454817249228,0.004947011701875767,3809.952759729191,3099.4294936695896,0.02740006580903399,852661.6910567553,7.466433075660475e-05,2.2519157813373933
0.06462992069315746,0.00016486752864365922,6.870686605382061e-05,2.3995786463977624,0.004928444147241196,3775.286948892518,3098.5940521512684,0.02749782843189058,850212.4540037296,7.451973072687184e-05,2.2582880646976373
0.06479200108824076,0.00016681727850399256,6.926751869016782e-05,2.4083045222128256,0.0049153068038915665,3745.1352133034748,3097.7665458911806,0.027595028240910396,847811.1077519661,7.437558159761858e-05,2.264603888845361
0.06495408148332406,0.00016876468334244197,6.982749701298985e-05,2.416880033821734,0.004901784762735385,3715.019742099537,3096.946980578072,0.027691791770175958,845456.7787007054,7.423188824321836e-05,2.2708716131693674
0.06511616187840735,0.00017070975074763735,7.038680320440529e-05,2.425309049082558,0.004887877229406369,3684.940417927003,3096.1353641826104,0.027788119012098638,843148.6092674867,7.408865586085895e-05,2.2770919524025848
0.06527824227349066,0.0001726524883355995,7.094543945440896e-05,2.4335953045516003,0.004873583485219334,3654.8971230085895,3095.3317067765483,0.0278840099590624,840885.7575510532,7.394588995128691e-05,2.283265595209805
0.06544032266857396,0.00017459290374978215,7.150340796088408e-05,2.441742411009181,0.0048589028847720326,3624.889739142776,3094.5360203576947,0.027979464603423803,838667.3969951507,7.380359629998233e-05,2.2893932050774546
0.06560240306365725,0.00017653100466111409,7.206071092961434e-05,2.4497538587086884,0.00484383485363944,3594.918147703157,3093.74831868255,0.028074482937511924,836492.7160679919,7.366178095900874e-05,2.2954754211690735
0.06576448345874056,0.00017846679876803865,7.261735057429526e-05,2.457633022364926,0.0048283788862002325,3564.982229637832,3092.9686171051108,0.028169064953628302,834360.9179482228,7.352045022936094e-05,2.301512859146628
0.06592656385382385,0.00018040029379655354,7.317332911654569e-05,2.4653831658967404,0.004812534543572501,3535.081865468787,3092.1969324220227,0.02826321064404695,832271.2202201607,7.33796106438449e-05,2.3075061119597633
0.06608864424890715,0.00018233149750024975,7.37286487859189e-05,2.4730074469379453,0.004796301451654034,3505.216935291295,3091.4332827238186,0.02835692000101428,830222.8545776996,7.323926895046676e-05,2.3134557506053484
0.06625072464399046,0.0001842604176603495,7.428331181991359e-05,2.4805089211296267,0.004779679299260937,3475.3873187733284,3090.677687252052,0.02845019301674906,828215.0665366903,7.309943209631396e-05,2.31936232485856
0.06641280503907375,0.00018618706208574235,7.483732046398421e-05,2.4878905462060965,0.0047626678363589005,3445.592895154999,3089.9301662621033,0.02854302968344241,826247.1151555424,7.296010721191645e-05,2.325226363977174
0.06657488543415704,0.00018822000463288062,7.538768992379006e-05,2.4966941528935767,0.004750150239702388,3419.348787036729,3089.1907408915085,0.028635321427237875,824318.2727639122,7.282130159607117e-05,2.3310422172730467
0.06673696582924035,0.00019025055964371116,7.593741301655035e-05,2.505360033824784,0.004737286043005852,3393.135500626178,3088.45943303362,0.028727176933793497,822427.824699231,7.268302270112007e-05,2.336816592424659
0.06689904622432365,0.00019227873545558274,7.648649199939832e-05,2.513891413102006,0.004724075022736788,3366.952928293012,3087.73626521643,0.02881859619477195,820575.069050885,7.254527811866715e-05,2.34254995958211
0.06706112661940694,0.00019430454043521976,7.70349291374199e-05,2.522291415217722,0.004710517005596797,3340.8009620276775,3087.0212604864196,0.02890957920180649,818759.3164118644,7.24080755657245e-05,2.348242771005438
0.06722320701449025,0.00019632798297875597,7.758272670366289e-05,2.5305630688729943,0.004696611867232086,3314.679493440961,3086.314442297252,0.02900012594650099,816979.8896376648,7.227142287127561e-05,2.353895461652579
0.06738528740957354,0.00019834907151176765,7.812988697914596e-05,2.538709310621555,0.004682359531004784,3288.588413763565,3085.615834403187,0.029090236420429873,815236.1236122545,7.213532796324649e-05,2.3595084497479433
0.06754736780465684,0.00020036781448930558,7.867641225286724e-05,2.5467329883487855,0.004667759966821637,3262.527613845691,3084.925460757076,0.029179910615138093,813527.3650209169,7.199979885587408e-05,2.3650821373325384
0.06770944819974015,0.00020238422039592659,7.922230482181293e-05,2.554636864594256,0.0046528131900168395,3236.4969841566362,3084.2433454127795,0.029269148522141086,811852.972129795,7.186484363746262e-05,2.3706169107965693
0.06787152859482344,0.00020439829774572259,7.976756699096512e-05,2.562423619725969,0.0046375192602861725,3210.496414784417,3083.569512431913,0.029357950132924762,810212.3145719033,7.173047045851986e-05,2.376113141395323
0.06803360898990675,0.00020641005508235054,8.031220107330994e-05,2.570095854973978,0.004621878280669286,3184.5257954353815,3082.9039857947632,0.029446315438945467,808604.7731394952,7.159668752026377e-05,2.38157118574915
0.06819568938499004,0.0002085349595723883,8.086005584215548e-05,2.57896135985193,0.004610486131731687,3161.736636280659,3082.246789315276,0.02953412897303662,807029.7395825465,7.146350306349096e-05,2.3869850802431
0.06835776978007334,0.00021065742890913453,8.14072827661497e-05,2.587697583694918,0.004598785131633507,3138.973593639025,3081.5979465599894,0.029621506317504924,805486.6164131921,7.133092535780161e-05,2.3923615111687093
0.06851985017515665,0.00021277747222110818,8.195388419885844e-05,2.5963073538382946,0.004586775346339466,3116.236569609011,3080.957480770792,0.029708447463221856,803974.8167159704,7.119896269116933e-05,2.3977007928126883
0.06868193057023994,0.00021489509866820194,8.24998625019365e-05,2.6047934160273027,0.004574456877890681,3093.525465952671,3080.325414791416,0.029794952401027527,802493.7639636733,7.106762335985212e-05,2.403003226722006
0.06884401096532324,0.0002170103174417072,8.304522004513408e-05,2.6131584373400987,0.004561829863651263,3070.8401840953143,3079.701770997538,0.029881021121730647,801042.8918386379,7.093691565863534e-05,2.408269102133085
0.06900609136040654,0.0002191231377643374,8.358995920630275e-05,2.6214050089859993,0.004548894475587276,3048.180625125256,3079.086571230388,0.029966653616108507,799621.6440593329,7.0806847871401e-05,2.4134986963889693
0.06916817175548984,0.00022123356889024938,8.413408237140106e-05,2.629535648985117,0.004535650919576531,3025.546689793586,3078.4798367337808,0.030051849874906937,798229.4742120686,7.067742826201507e-05,2.418692275344942
0.06933025215057315,0.00022334162010506598,8.467759193450025e-05,2.6375528047352246,0.0045220994347474185,3002.93827851393,3077.8815880944444,0.030136609888840326,796865.8455876663,7.054866506552848e-05,2.4238500937630834
0.06949233254565644,0.00022544730072589415,8.522049029778897e-05,2.645458855471327,0.004508240292845319,2980.3552913622507,3077.291845185577,0.030220933648591557,795530.2310229442,7.042056647968414e-05,2.4289723956962033
0.06965441294073973,0.00022755062010134446,8.576277987157834e-05,2.6532561146231504,0.004494073797625147,2957.797628076642,3076.7106271135162,0.03030482114481203,794222.1127468672,7.02931406567234e-05,2.43405941486158
0.06981649333582304,0.00022965158761154773,8.630446307430617e-05,2.660946832075451,0.004479600284268552,2935.2651880571507,3076.1379521674417,0.03038827236812161,792940.9822312059,7.016639569548733e-05,2.439111375004881
0.06997857373090634,0.00023183571146276634,8.683982467636395e-05,2.6696934537440096,0.004468828940376111,2915.373144041688,3075.5738377720218,0.030471201810314028,791686.3400455699,7.004033963380631e-05,2.444123985507627
0.07014065412598963,0.00023401740725587946,8.737459112486554e-05,2.6783233459879563,0.004457781928795962,2895.5032137166554,3075.0183004429045,0.030553695055788414,790457.6957166577,6.991498044117124e-05,2.4491019879691858
0.07030273452107294,0.00023619668485167424,8.790876483683814e-05,2.686838852645284,0.0044464595181848525,2875.6553072743195,3074.4713557449877,0.030635752094683978,789254.5675916162,6.979032601168249e-05,2.4540455775743575
0.07046481491615623,0.00023837355414379956,8.844234823736388e-05,2.6952422554865505,0.004434862003870551,2855.829334607657,3073.9330182533636,0.030717372917107067,788076.4827053304,6.966638415726987e-05,2.4589549409231126
0.07062689531123953,0.0002405480250587774,8.897534375958257e-05,2.703535776256785,0.00442298970741132,2836.025205310251,3073.403301516871,0.030798557513131163,786922.976651564,6.954316260117778e-05,2.4638302563498997
0.07078897570632284,0.00024272010755601177,8.950775384469395e-05,2.7117215786372935,0.004410842976172395,2816.242828676208,3072.8822180241705,0.03087930587279687,785793.5934577652,6.942066897171198e-05,2.468671694235094
0.07095105610140613,0.0002448898116277962,9.00395809419594e-05,2.7198017701310175,0.004398422182918369,2796.482113700093,3072.369779172258,0.030959617986111874,784687.8854634624,6.929891079624036e-05,2.473479417308843
0.07111313649648943,0.00024705714729932147,9.057082750870393e-05,2.727778403874902,0.004385727725419906,2776.7429690768577,3071.8659952373705,0.031039493843051005,783605.4132022395,6.917789549544778e-05,2.478253580947567
0.07127521689157273,0.0002492221246286795,9.110149601031718e-05,2.7356534803825316,0.004372760026078974,2757.0253032018018,3071.370875348083,0.031118933433556154,782545.7452862926,6.905763037782023e-05,2.4829943334631484
0.07143729728665603,0.000251384753706867,9.163158892025413e-05,2.743428949220166,0.0043595195315592585,2737.329024170545,3070.884427460823,0.031197936747536334,781508.458295712,6.893812263439902e-05,2.4877018163860645
0.07159937768173932,0.00025363069926939583,9.216134238625573e-05,2.752029133933497,0.004349803879426402,2720.02849221055,3070.4066583373365,0.03127641812025604,780493.1366693159,6.881937933373975e-05,2.492371777426206
0.07176145807682263,0.00025587422455843723,9.269052497988623e-05,2.760521904627919,0.004339843346544134,2702.746603631553,3069.937573524317,0.031354463288473085,779499.3725992431,6.870140741711658e-05,2.497008760359745
0.07192353847190593,0.0002581153401677265,9.321913919990075e-05,2.768909286044998,0.004329638289918382,2685.4832768299475,3069.4771773350335,0.03143207224159374,778526.7659282661,6.858421369394842e-05,2.501612887406422
0.07208561886698922,0.00026035405672520745,9.374718755312324e-05,2.777193252626101,0.004319189087315624,2668.238429938619,3069.0254728328932,0.03150924496899007,777574.9240498649,6.846780483744522e-05,2.506184275085649
0.07224769926207253,0.00026259038489302787,9.427467255444532e-05,2.78537573006554,0.004308496136983963,2651.011980826981,3068.582461816879,0.03158598145999991,776643.4618109539,6.835218738047142e-05,2.510723034466672
0.07240977965715582,0.00026482433536753256,9.480159672682476e-05,2.79345859680651,0.004297559857383556,2633.803847101025,3068.1481448087893,0.03166228170392694,775732.0014171884,6.823736771161802e-05,2.515229271412879
0.07257186005223912,0.000267055918879257,9.532796260128387e-05,2.8014436854822735,0.004286380686925714,2616.6139461033736,3067.722521042228,0.03173814569004059,774840.1723407137,6.812335207148331e-05,2.5197030868204235
0.07273394044732243,0.00026928514619291733,9.58537727169072e-05,2.8093327843048934,0.004274959083720367,2599.442194913354,3067.305588453276,0.03181357340757617,773967.6112302816,6.801014654915466e-05,2.5241445768512674
0.07289602084240572,0.0002715120281073986,9.637902962083876e-05,2.81712763840375,0.004263295525331336,2582.2885103470912,3066.8973436727756,0.03188856484573479,773113.9618236484,6.789775707888699e-05,2.5285538331608004
0.07305810123748901,0.00027373657545574296,9.690373586827924e-05,2.8248299511159374,0.004251390508538996,2565.1528089575977,3066.497782020191,0.031963119993683405,772278.8748621419,6.778618943697556e-05,2.5329309431201246
0.07322018163257232,0.0002759587991051348,9.742789402248246e-05,2.8324413852305437,0.004239244549109987,2548.0350070348873,3066.1068974989607,0.03203723884055483,771462.0080073179,6.76754492388168e-05,2.5372759900331365
0.07338226202765562,0.0002782395309653598,9.794615088733476e-05,2.840739819223855,0.004230329811734479,2533.013744323709,3065.724682793303,0.032110860554439284,770663.0257596275,6.756554193615298e-05,2.5415860210973555
0.07354434242273891,0.00028051789789705145,9.846387036308463e-05,2.848942427944831,0.004221197905645331,2518.0080574079198,3065.351129266408,0.03218404600847614,769881.59937899,6.745647281449826e-05,2.545864161282395
0.07370642281782222,0.0002827939111702573,9.898105501065541e-05,2.8570508885747303,0.004211849246749024,2503.017872061195,3064.9862269599666,0.03225679519139532,769117.4068072155,6.734824699073871e-05,2.5501104826080394
0.07386850321290551,0.0002850675820900242,9.949770739892344e-05,2.8650668396517105,0.004202284267372648,2488.043113826697,3064.629964594992,0.032329108091891816,768370.1325921759,6.72408694109059e-05,2.554325053854359
0.07403058360798881,0.0002873389219963748,0.00010001383010471274,2.872991882178054,0.00419250341608443,2473.083708017235,3064.282329573861,0.032400984698625575,767639.4678136408,6.713434484811737e-05,2.5585079407539384
0.07419266400307212,0.0002896079422642813,0.00010052942571278898,2.880827580689526,0.004182507157518797,2458.1395797154323,3063.943307983542,0.032472425000221634,766925.1100107478,6.702867790068027e-05,2.562659206179475
0.07435474439815541,0.00029187465430363733,0.00010104449681585314,2.8885754642883663,0.0041722959722060695,2443.2106537739155,3063.612884599958,0.032543428985270115,766226.7631109608,6.692387299035505e-05,2.566778910326811
0.0745168247932387,0.00029413906955922867,0.00010155904601453479,2.896237027641363,0.004161870356406119,2428.296854815505,3063.291042893427,0.03261399664232622,765544.1373605125,6.681993436077549e-05,2.5708671108934644
0.07467890518832201,0.00029640119951070164,0.00010207307591738502,2.903813731944359,0.004151230821946125,2413.3981072334245,3062.9777650351457,0.0326841279599103,764876.9492562157,6.671686607601931e-05,2.5749238632527307
0.07484098558340531,0.00029866105567252874,0.00010258658914086853,2.9113070058545096,0.004140377896061898,2398.514335191528,3062.6730319046605,0.03275382292650787,764232.648682761,6.661399847420878e-05,2.5789492206234343
0.0750030659784886,0.0003009186495939745,0.00010309958830935591,2.9187182463915544,0.004129312121242749,2383.645462624522,3062.3768230982864,0.0328230815305697,763607.1095018835,6.651167245812826e-05,2.5829432342353615
0.07516514637357191,0.000303201823646669,0.000103602470568393,2.926588738504173,0.0041210992692022426,2370.5545975141335,3062.089116938433,0.03289187592972413,762996.0922561471,6.641023821184489e-05,2.5869045982894314
0.0753272267686552,0.0003054827310321548,0.00010410485358089868,2.9343754928272165,0.0041126930784369225,2357.4767286247934,3061.8098904837816,0.03296023397076963,762399.3378480009,6.630969906493257e-05,2.590834722460139
0.0754893071637385,0.00030776138354763916,0.00010460673994527593,2.94207986702044,0.0041040939928651396,2344.411788315731,3061.5391195402985,0.03302815564190899,761816.5931063414,6.621005816062384e-05,2.5947336528377374
0.07565138755882181,0.0003100377930253863,0.0001051081322676492,2.949703189815043,0.0040953024697654265,2331.359708745175,3061.2767786730165,0.03309564093130995,761247.6107260983,6.611131845522819e-05,2.5986014341465395
0.0758134679539051,0.0003123119713326705,0.00010560903316185415,2.9572467617805747,0.004086318979652402,2318.3204218706173,3061.022841218561,0.033162689827105234,760692.1492087184,6.601348271767798e-05,2.60243810988958
0.0759755483489884,0.0003145839303717293,0.00010610944524942726,2.9647118560675665,0.004077144006154762,2305.2938594490856,3060.7772792983865,0.03322930231739259,760149.9728035534,6.591655352919874e-05,2.60624372248929
0.0761376287440717,0.00031685368207971294,0.00010660937115959475,2.972099719126768,0.004067778045895481,2292.2799530374296,3060.5400638326723,0.03329547839023489,759620.8514500482,6.582053328309957e-05,2.6100183134242463
0.076299709139155,0.00031912123842863145,0.0001071088135292609,2.9794115714058504,0.004058221608373875,2279.278633992627,3060.3111645548593,0.03336121803366011,759104.5607207137,6.572542418468186e-05,2.6137619233620013
0.0764617895342383,0.00032138661142530096,0.00010760777500299627,2.9866486080243937,0.004048475215849551,2266.2898334720885,3060.090550026778,0.03342652123566144,758600.8817648141,6.563122825126142e-05,2.6174745922880747
0.0766238699293216,0.0003236498131112877,0.00010810625823302525,2.9938119994279506,0.004038539403227991,2253.313482433984,3059.8781876543476,0.03349138798419731,758109.6012527294,6.553794731230196e-05,2.621156359631123
0.0767859503244049,0.00032592935338690375,0.0001085988355871724,3.0012232785431654,0.004031270354508469,2241.9376361040636,3059.674043703808,0.0335557997693674,757630.5113209852,6.54455830096573e-05,2.6248063805636965
0.07694803071948819,0.00032820672897313933,0.00010909094518166688,3.0085606869257893,0.004023828775568466,2230.572592467128,3059.478083318453,0.03361977509445075,757163.4095177989,6.535413679791685e-05,2.628425581569625
0.0771101111145715,0.00033048195211481275,0.00010958258966244577,3.0158253526661247,0.004016215100855469,2219.218290416483,3059.2902705358033,0.03368331394720251,756708.0987490116,6.526360994485004e-05,2.632014001052637
0.0772721915096548,0.00033275503509152654,0.0001100737716829626,3.023018381253769,0.0040084297759568855,2207.874668671846,3059.1105683052983,0.03374641631534309,756264.3872249956,6.517400353195906e-05,2.6355716773244624
0.07743427190473809,0.000335025990217601,0.0001105644939041729,3.030140856141128,0.004000473257511709,2196.541665779679,3058.938938506232,0.03380908218655817,755832.0884068346,6.508531845510383e-05,2.639098648711502
0.0775963522998214,0.00033729482984200357,0.00011105475899451898,3.037193839290133,0.003992346013101595,2185.21922011354,3058.775341966616,0.033871311548498775,755411.0209568836,6.499755542530009e-05,2.6425949536579885
0.07775843269490469,0.0003395615663482767,0.00011154456962991431,3.0441783717027513,0.003984048521184615,2173.907269874444,3058.6197384813718,0.033933104388781374,755001.008682055,6.49107149694533e-05,2.646060630825102
0.07792051308998799,0.00034182621215446375,0.00011203392849372757,3.05109547393584,0.003975581270988094,2162.605753091232,3058.472086831892,0.03399446069498792,754601.8804851159,6.482479743133508e-05,2.649495719188004
0.0780825934850713,0.0003440887797130325,0.00011252283827676608,3.057946146600895,0.0039669447624231385,2151.3146076209523,3058.3323448053934,0.03405538045466595,754213.4703124625,6.473980297256743e-05,2.6529002581242462
0.07824467388015459,0.0003463492815107957,0.00011301130167725859,3.0647313708491866,0.003958139505995643,2140.0337711492593,3058.2004692146593,0.03411586365532862,753835.6171029593,6.46557315737052e-05,2.6562742875086953
0.07840675427523788,0.0003486077300688309,0.00011349932140083805,3.071452108842801,0.003949166022717949,2128.7631811908104,3058.076415918063,0.034175910284454894,753468.1647370205,6.457258303539868e-05,2.659617847795035
0.07856883467032119,0.00035084728066870637,0.00011397491203256905,3.0782851630405257,0.003942514769185137,2118.8409451909984,3057.960139839813,0.03423553718676319,753110.9619859263,6.449035697963388e-05,2.6629317706737825
0.07873091506540449,0.00035308481832505034,0.00011445007519591158,3.085055363403233,0.003935708888855432,2108.9276274539734,3057.8515949904445,0.034294727477238864,752763.8624613285,6.440905285104846e-05,2.6662153042025842
0.07889299546048778,0.00035532035556691717,0.00011492481355153378,3.091763602536426,0.003928748810587698,2099.0231724702794,3057.7507344874953,0.034353481143352876,752426.7245649331,6.432866991832014e-05,2.6694684911047957
0.07905507585557109,0.00035755390495702515,0.00011539912976725263,3.0984107564604004,0.003921634972603956,2089.127524581315,3057.6575105763786,0.034411798172542515,752099.4114383226,6.424920727562669e-05,2.672691374990709
0.07921715625065438,0.0003597854790916639,0.00011587302651801431,3.1049976849938368,0.003914367822415189,2079.240627979741,3057.571874651417,0.03446967855221148,751781.7909129094,6.417066384417396e-05,2.6758840004263766
0.07937923664573768,0.00036201509060060155,0.00011634650648587452,3.111525232126788,0.003906947816747468,2069.3624267098944,3057.493777277023,0.034527122269729996,751473.7354599799,6.409303837379066e-05,2.6790464129991793
0.07954131704082099,0.00036424275214698757,0.00011681957235997777,3.117994226383392,0.003899375421468322,2059.4928646682165,3057.4231682090162,0.034584129312434944,751175.1221408226,6.401632944458737e-05,2.6821786593801824
0.07970339743590428,0.0003664684764272535,0.00011729222683653639,3.12440548117464,0.0038916511115132746,2049.631885603694,3057.3599964160494,0.03464069966762985,750885.8325569174,6.394053546867838e-05,2.685280787383286
0.07986547783098757,0.00036869227617101336,0.0001177644726188093,3.1307597951415267,0.0038837753708126552,2039.7794331183015,3057.3042101011392,0.03469683332258513,750605.7528001547,6.386565469196318e-05,2.688352846021249
0.08002755822607088,0.0003709141641409586,0.00011823631241707977,3.13705795248887,0.0038757486922184193,2029.9354506674626,3057.2557567232784,0.03475253026453808,750334.7734030936,6.379168519596729e-05,2.691394885558554
0.08018963862115418,0.00037310545413922393,0.00011869877189067004,3.1432966676595475,0.0038699304373566927,2021.331955113841,3057.2145830191234,0.03480781917968656,750072.7892892144,6.371862489973918e-05,2.6944082831426033
0.08035171901623747,0.0003752948823711389,0.00011916083844890586,3.149481719466576,0.003863973102641551,2012.7357692720923,3057.1806350247325,0.034862671331825267,749819.6997231637,6.364647156180221e-05,2.6973917611553406
0.08051379941132078,0.00037748246153172045,0.00011962251477099944,3.1556138261627233,0.003857877088588014,2004.1468432987353,3057.153858097355,0.03491708670825915,749575.4082609866,6.357522278215965e-05,2.7003453739778562
0.08067587980640407,0.0003796682043482041,0.0001200838035429625,3.1616936934577513,0.0038516428036908935,1995.5651272237915,3057.134196937248,0.034971065296261004,749339.8227003146,6.350487600435093e-05,2.703269177422487
0.08083796020148737,0.00038185212357993076,0.00012054470745758243,3.16772201479105,0.0038452706643626834,1986.990570951229,3057.121595609516,0.03502460708307147,749112.8550305146,6.3435428517558e-05,2.7061632287706128
0.08100004059657068,0.0003840342320182304,0.00012100522921439773,3.173699471597186,0.003838761094871457,1978.4231242594205,3057.115997565961,0.03507771205589923,748894.4213827732,6.336687745875922e-05,2.7090275868075415
0.08116212099165397,0.0003862145424863027,0.0001214653715196728,3.179626733564558,0.0038321145272786753,1969.862736801611,3057.1173456669303,0.03513038020192106,748684.4419801243,6.329921981493004e-05,2.7118623118544924
0.08132420138673727,0.00038839306783909725,0.00012192513708637278,3.1855044588873938,0.0038253314013769737,1961.309358106387,3057.125582203149,0.03518261150828203,748482.8410873881,6.323245242528885e-05,2.7146674657977217
0.08148628178182057,0.0003905698209631904,0.00012238452863413732,3.1913332945112707,0.0038184121646278038,1952.7629375781628,3057.1406489175406,0.035234405962095566,748289.5469610457,6.3166571983586e-05,2.71744311211483
0.08164836217690387,0.00039274481477665846,0.00012284354888925407,3.1971138763723426,0.0038113572720990603,1944.223424497676,3057.162487027012,0.035285763550443584,748104.4917990101,6.31015750404351e-05,2.72018931589828
0.08181044257198716,0.00039491806222895085,0.00012330220058463174,3.202846829630493,0.003804167186402538,1935.6907680224863,3057.1910372442,0.03533668426037663,747927.6116903094,6.303745800568505e-05,2.7229061438761635
0.08197252296707047,0.00039703285605686696,0.00012374730250787536,3.208416248359026,0.0037989829941357783,1928.2514308265074,3057.2262397991735,0.03538722479915793,747758.8465646649,6.297421715083115e-05,2.725596244840397
0.08213460336215378,0.0003991459744523654,0.00012419205180185482,3.2139413807994126,0.003793673417591284,1920.8179873997176,3057.2680344610826,0.0354373283885955,747598.1401419822,6.291184861146449e-05,2.728257099660811
0.08229668375723706,0.00040125743011754246,0.00012463645113998793,3.2194227807951794,0.003788238832498909,1913.3903930591903,3057.3163605597433,0.03548699501598723,747445.4398817135,6.285034838975777e-05,2.7308887801988813
0.08245876415232037,0.00040336723578452717,0.00012508050320201355,3.2248609931882153,0.0037826796213849614,1905.9686030163505,3057.3711570071564,0.035536224668601034,747300.6969321311,6.27897123569869e-05,2.733491360006083
0.08262084454740368,0.0004054754042153427,0.00012552421067396228,3.230256554000791,0.0037769961735182804,1898.5525723774638,3057.4323623189475,0.03558501733367486,747163.8660794835,6.272993625608647e-05,2.736064914331552
0.08278292494248696,0.0004075819482017681,0.00012596757624812758,3.235609990613172,0.003771188884856088,1891.142256144121,3057.4999146357363,0.03563337299841693,747034.9056970438,6.267101570423871e-05,2.73860952012724
0.08294500533757027,0.0004096868805651997,0.00012641060262303636,3.2409218219369573,0.0037652581579896774,1883.7376092137265,3057.5737517444045,0.03568129165000586,746913.7776940528,6.26129461954941e-05,2.741125256050583
0.08310708573265357,0.00041179021415650426,0.00012685329250341826,3.246192558584224,0.0037592044020899828,1876.3385863800147,3057.653811099285,0.035728773275590764,746800.4474645437,6.255572310342258e-05,2.7436122024647247
0.08326916612773685,0.00041389196185587576,0.00012729564860017542,3.2514227030326426,0.0037530280328528674,1868.9451423335543,3057.7400298432426,0.035775817862291476,746694.8838360764,6.249934168379512e-05,2.7460704414363444
0.08343124652282016,0.00041599213657268676,0.0001277376736303512,3.2566127497866426,0.003746729472444319,1861.5572316622704,3057.8323448286587,0.0358224253971986,746597.0590183556,6.244379707729316e-05,2.7485000567311246
0.08359332691790347,0.0004180907512453377,0.0001281793703170985,3.261763185534751,0.003740309149445433,1854.1748088519753,3057.930692638312,0.035868595867373745,746506.9485517546,6.238908431224615e-05,2.750901133806903
0.08375540731298677,0.00042011167339068266,0.00012860546579982214,3.2666704387556726,0.003735606438723784,1847.7074056143151,3058.0350096061343,0.035914405405300054,746424.5312557425,6.233519830739537e-05,2.7532771767136675
0.08391748770807006,0.00042213111715829344,0.0001290312495782697,3.2715417275892604,0.0037307896435244984,1841.2447335163315,3058.145231837868,0.035959777796827956,746349.7891772173,6.228213387468368e-05,2.755624846789689
0.08407956810315337,0.0004241490950998011,0.00012945672429885352,3.2763774720627423,0.0037258591167526286,1834.7867523899947,3058.2612952315894,0.03600471302940582,746282.7075387542,6.222988572206935e-05,2.757944234661226
0.08424164849823666,0.0004261656197942082,0.00012988189261375704,3.2811780858594366,0.003720815217153435,1828.3334219796818,3058.3831354981203,0.03604921109045464,746223.2746867731,6.217844845636408e-05,2.7602354325952665
0.08440372889331996,0.0004281807038477327,0.00013030675718090178,3.2859439764378418,0.0037156583092639145,1821.8847019426726,3058.510688181299,0.03609327196736821,746171.4820396305,6.212781658609336e-05,2.76249853448184
0.08456580928840327,0.0004301943598936498,0.00013073132066391407,3.2906755451480483,0.00371038876336418,1815.440551849659,3058.643888678136,0.03613689564751324,746127.3240356399,6.207798452437875e-05,2.7647336358142796
0.08472788968348656,0.00043220660059212993,0.00013115558573209102,3.295373187345524,0.003705006955428601,1809.0009311852614,3058.782672258828,0.03618008211822956,746090.7980810369,6.202894659184116e-05,2.766940833667469
0.08488997007856985,0.00043421743863007733,0.00013157955506036613,3.3000372925023713,0.0036995132670768083,1802.5657993485468,3058.926974086633,0.036222831366830285,746061.9044978874,6.198069701952391e-05,2.7691202266741297
0.08505205047365316,0.00043622688672096326,0.00013200323132927453,3.3046682443160815,0.003693908085523986,1796.135115653561,3059.0767292376254,0.03626514338060192,746040.6464720514,6.193322995183709e-05,2.771271914999189
0.08521413086873646,0.000438234957604659,0.0001324266172249175,3.309266420815893,0.0036881918035337052,1789.708839329864,3059.231872720241,0.03630701814680461,746027.0300005921,6.188653944950977e-05,2.773396000312281
0.08537621126381975,0.00044015895078948204,0.00013283596174224033,3.3135526330104965,0.0036840645257663635,1784.110059320958,3059.3923394948047,0.03634853836593003,746021.0638402195,6.184061949258099e-05,2.77549625551196
0.08553829165890306,0.00044208164803820235,0.0001332450305390759,3.3178096492578457,0.0036798325793058963,1778.515050459061,3059.558064492788,0.03638962125621541,746022.759454626,6.179546398338534e-05,2.7775691050590194
0.08570037205398635,0.0004440030616405238,0.00013365382623015424,3.3220377909416725,0.0036754962854075117,1772.9237769813917,3059.7289826359697,0.03643026680537105,746032.130962371,6.175106674956547e-05,2.7796146551122622
0.08586245244906965,0.0004459232039107983,0.00013406235143544962,3.3262373748942347,0.003671055970403266,1767.3362030534431,3059.905028855442,0.03647047500108259,746049.1950846529,6.170742154709736e-05,2.78163301320624
0.08602453284415296,0.0004478420871878539,0.0001344706087801436,3.3304087134763076,0.0036665119656583843,1761.7522927694824,3060.0861381104555,0.03651024583101122,746073.971093089,6.166452206332954e-05,2.783624288215203
0.08618661323923625,0.00044975972383482085,0.00013487860089458838,3.33455211465547,0.0036618646075274124,1756.1720101530595,3060.2722454071127,0.03654957928279379,746106.4807575205,6.162236192003572e-05,2.785588590315434
0.08634869363431955,0.0004516761262389565,0.00013528633041426927,3.338667882082757,0.003657114237310237,1750.5953191575136,3060.463285816895,0.036588475344043046,746146.7482938507,6.158093467647954e-05,2.787526030946079
0.08651077402940285,0.0004535913068114675,0.0001356937999797671,3.3427563151676876,0.0036522612012079717,1745.0221836664925,3060.659194495035,0.03662693400234779,746194.80031192,6.154023383249138e-05,2.789436722768346
0.08667285442448615,0.0004555052779873288,0.00013610101223671947,3.346817709151728,0.0036473058502787268,1739.452567494479,3060.8599066987217,0.036664955245273044,746250.6657634402,6.150025283155568e-05,2.7913207796238657
0.08683493481956944,0.0004574180522251029,0.0001365079698357825,3.350852355180225,0.0036422485403932335,1733.8864343873154,3061.0653578051365,0.03670253906036025,746314.3758899975,6.146098506390838e-05,2.7931783164904664
0.08699701521465275,0.0004593296420067549,0.00013691467543259134,3.3548605403728367,0.003637089632190413,1728.3237480227444,3061.2754833293334,0.03673968543512743,746385.9641711254,6.14224238696436e-05,2.7950094494378273
0.08715909560973605,0.0004611412210584047,0.00013730419688404386,3.3585369677217347,0.003633243218580455,1723.4350760682678,3061.4902189419317,0.03677649319584847,746465.4662724731,6.138456254182875e-05,2.7968186314791694
0.08732117600481934,0.00046295170067206835,0.00013769348193693582,3.3621903822876824,0.0036293000434339377,1718.5493710235946,3061.7095004866537,0.03681286343123136,746552.9199940747,6.13473943296269e-05,2.798601633814042
0.08748325639990265,0.00046476109274944273,0.000138082533150342,3.365821021283108,0.0036252604081778244,1713.6666007711692,3061.9332639976756,0.03684879612937439,746648.3652187238,6.131091244142636e-05,2.800358575686425
0.08764533679498594,0.0004665694092136976,0.0001384713530879542,3.36942911879645,0.0036211246186482826,1708.7867331354894,3062.1614457168066,0.03688429127835441,746751.8438604855,6.127511004797598e-05,2.8020895772395336
0.08780741719006924,0.00046837666200929173,0.00013885994431804175,3.373014905843057,0.003616892985050701,1703.909735883603,3062.3939821104927,0.036919348866226935,746863.3998133386,6.123998028552543e-05,2.8037947594650956
0.08796949758515255,0.0004701828631017865,0.00013924830941341144,3.3765786104150846,0.0036125658219196403,1699.0355767256115,3062.6308098866334,0.036953968881026436,746983.0788999636,6.120551625896998e-05,2.805474244151571
0.08813157798023584,0.0004719880244776561,0.0001396364509513666,3.3801204575304107,0.0036081434480786795,1694.1642233151813,3062.87186601122,0.036988151310766416,747110.9288207055,6.117171104499864e-05,2.807128153831394
0.08829365837531913,0.0004737921581440987,0.0001400243715136667,3.3836406692806005,0.003603626186600258,1689.2956432500534,3063.117087724787,0.037021896143439675,747246.9991026939,6.113855769524499e-05,2.808756611727258
0.08845573877040244,0.00047559527612884336,0.00014041207368648568,3.3871394648779285,0.003599014364765448,1684.4298040725655,3063.366412558676,0.03705520336701849,747391.3410491658,6.110604923943946e-05,2.810359741697519
0.08861781916548574,0.0004773973904799556,0.00014079956006037003,3.390617060701496,0.003594308314023731,1679.5666732701754,3063.619778351109,0.0370880729694548,747544.0076889739,6.107417868856279e-05,2.811937668180747
0.08877989956056903,0.0004790976847456411,0.0001411707964186517,3.393745001797992,0.003590856064358262,1675.3349930185802,3063.877123263074,0.0371206057672004,747705.0537263209,6.104293903799954e-05,2.8134948986672703
0.08894197995565234,0.00048079705436609326,0.00014154183089309713,3.396854847308191,0.003587313682994367,1671.1056140174524,3064.1383857940086,0.037152700864815084,747874.5354906988,6.101232327069046e-05,2.8150271660717876
0.08910406035073563,0.00048249551077139224,0.0001419126659793104,3.3999467731917306,0.003583681443801259,1666.87850781969,3064.4035047972925,0.03718435825086879,748052.5108870773,6.0982324360283404e-05,2.8165345964146016
0.08926614074581893,0.00048419306541006485,0.00014228330417692317,3.4030209532384177,0.00357995962451784,1662.653645932281,3064.672419495539,0.03721557791391298,748239.0393463392,6.095293527428134e-05,2.818017316066735
0.08942822114090224,0.00048588972974889264,0.0001426537479895528,3.4060775591011923,0.0035761485067166226,1658.4309998167812,3064.9450694956845,0.03724635984248087,748434.1817759713,6.0924148977187244e-05,2.8194754516910474
0.08959030153598553,0.0004875855152727171,0.00014302399992475976,3.4091167603284753,0.003572248375767738,1654.2105408897992,3065.2213948038698,0.03727670402508761,748638.0005110255,6.089595843364393e-05,2.8209091301828075
0.08975238193106883,0.0004892804334842448,0.0001433940624940052,3.412138724395928,0.0035682595208028347,1649.9922405234802,3065.5013358401216,0.03730661045023052,748850.5592653743,6.086835661156909e-05,2.8223184786097617
0.08991446232615213,0.0004909744959038495,0.00014376393821260758,3.4151436167376277,0.003564182234679127,1645.7760700460008,3065.7848334528157,0.03733607910638921,749071.923083249,6.0841336485283615e-05,2.8237036241517397
0.09007654272123543,0.0004926677140693727,0.0001441336295996992,3.418131600776678,0.0035600168139433928,1641.562000742063,3066.0718289329343,0.03736510998202584,749302.1582910984,6.0814891038632964e-05,2.82506469403986
0.09023862311631872,0.0004943600995359231,0.0001445031391781825,3.4211028379552535,0.003555763558796113,1637.3500038533946,3066.3622640281046,0.037393703065585315,749541.3324497498,6.0789013268099974e-05,2.8264018154953763
0.09040070351140203,0.0004960516638756742,0.00014487246947468573,3.4240574877641037,0.003551422773055559,1633.1400505792526,3066.6560809564166,0.037421858345495426,749789.5143069277,6.0763696185908836e-05,2.827715115668208
0.09056278390648533,0.0004976312130079224,0.0001452234325363264,3.4266592127509736,0.0035481589321335223,1629.4667479542743,3066.953222420023,0.03744968701583692,750046.7737500792,6.073893282311856e-05,2.8290095118648084
0.09072486430156862,0.000499210016690316,0.0001455742299650292,3.429247173831794,0.0035448106848472117,1625.7951789017768,3067.2536316185146,0.0374770778068521,750313.1817595853,6.071471623270575e-05,2.8302803311212696
0.09088694469665193,0.00050078808578057,0.00014592486417329078,3.4318214967523764,0.003541378285401772,1622.1253181717234,3067.55725226207,0.037504030707683295,750588.8103623155,6.06910394926347e-05,2.8315277002025576
0.09104902509173522,0.0005023654311515686,0.0001462753375769781,3.4343823058155403,0.0035378619913866934,1618.4571404788019,3067.8640285843685,0.0375305457074576,750873.7325855742,6.066789570891477e-05,2.832751745554362
0.09121110548681852,0.0005039420636911693,0.00014662565259528527,3.4369297239013514,0.0035342620637436807,1614.7906205028778,3068.173905355274,0.03755662279528717,751168.0224114108,6.064527801864329e-05,2.833952593240801
0.09137318588190183,0.0005055179943020038,0.00014697581165068897,3.4394638724870354,0.0035305787667345126,1611.1257328894592,3068.4868278932863,0.03758226196026936,751471.7547313514,6.06231795930335e-05,2.8351303688820875
0.09153526627698512,0.0005070932339012787,0.0001473258171689043,3.4419848716665364,0.003526812367909088,1607.4624522501604,3068.8027420777394,0.037607463191486966,751785.0053015206,6.0601593640426135e-05,2.8362851975921948
0.09169734667206841,0.000508667793420574,0.00014767567157884014,3.444492840169748,0.0035229631380735574,1603.8007531631686,3069.12159436078,0.03763222647800842,752107.850698189,6.05805134092836e-05,2.837417203916577
0.09185942706715172,0.0005102416838056403,0.00014802537731255385,3.446987895381418,0.0035190313512586187,1600.140610173717,3069.443331779068,0.03765655180888796,752440.3682737442,6.055993219116612e-05,2.8385265117699787
0.09202150746223502,0.0005118149160161944,0.00014837493680520597,3.4494701533597323,0.0035150172846879334,1596.4819977945608,3069.76790196526,0.03768043917316587,752782.6361131006,6.0539843323688115e-05,2.839613244374391
0.09218358785731831,0.0005133875010257144,0.00014872435249501477,3.451939728854581,0.003510921218746706,1592.8248905064515,3070.0952531592175,0.03770388855986867,753134.7329905562,6.052024019345457e-05,2.840677524197173
0.09234566825240162,0.0005148530600199168,0.00014905581818915417,3.454095695657852,0.003507703888404798,1589.6045155671302,3070.4253342189686,0.03772700634781065,753496.7383271115,6.0501116238975214e-05,2.8417240204123133
0.09250774864748493,0.0005163180361150746,0.00014938715204893064,3.45624124319579,0.0035044068350931165,1586.3854214725122,3070.758094631409,0.037749686093875516,753868.7321482415,6.0482464953556716e-05,2.842748298658495
0.09266982904256821,0.0005177824395793046,0.00014971835639668557,3.4583764612497925,0.003501030298904611,1583.167585659749,3071.0934845227366,0.037771927787795194,754250.7950421537,6.046427988817064e-05,2.8437504789644854
0.09283190943765152,0.0005192462806927742,0.00015004943355748597,3.4605014386398456,0.0034975745229141437,1579.950985539512,3071.4314546686296,0.037793731419289475,754643.0081185368,6.0446554654297016e-05,2.844730680359886
0.09299398983273482,0.0005207095697475022,0.00015038038585907926,3.462616263236993,0.003494039753150358,1576.7355984964308,3071.7719565041452,0.03781509697806637,755045.4529677777,6.042928292674148e-05,2.845689020814805
0.0931560702278181,0.0005221723170471606,0.00015071121563184846,3.4647210219755835,0.0034904262385675637,1573.521401889529,3072.1149421333503,0.03783602445382218,755458.2116207121,6.041245844642596e-05,2.8466256171799245
0.09331815062290141,0.0005236345329068745,0.00015104192520876697,3.4668158008653416,0.0034867342310179665,1570.3083730526625,3072.4603643386727,0.0378565138362418,755881.3665088621,6.039607502315066e-05,2.8475405851270468
0.09348023101798472,0.0005250962276530196,0.00015137251692535263,3.468900685003235,0.0034829639852240503,1567.0964892949671,3072.808176589985,0.03787656511499885,756315.0004251972,6.038012653832715e-05,2.848434039090128
0.093642311413068,0.0005265574116230196,0.00015170299311962216,3.4709757585851584,0.0034791157587511566,1563.8857279013,3073.158333053389,0.0378961782797559,756759.1964854355,6.036460694768109e-05,2.849306092206845
0.09380439180815131,0.0005280180951651439,0.00015203335613204512,3.473041104917435,0.0034751898119803476,1560.6760661326884,3073.5107885997268,0.037915353320164685,757214.038089863,6.034951028392314e-05,2.8501568562607447
0.09396647220323462,0.000529374389024095,0.00015234637318832696,3.47480795207179,0.0034721447824835306,1557.8974889505246,3073.8654988127973,0.037934194125480505,757679.6088857021,6.033483065938775e-05,2.850990856621716
0.0941285525983179,0.0005307302373162977,0.00015265928741291704,3.4765669767654814,0.003469023944361591,1555.119824580575,3074.222419997285,0.03795259675158693,758155.9927300309,6.032056226863779e-05,2.8518037810963204
0.09429063299340121,0.0005320856496827649,0.0001529721010308506,3.478318242981161,0.0034658275169284934,1552.3430532717366,3074.5815091863915,0.03797056118884295,758643.2736532649,6.03066993910347e-05,2.8525957372576527
0.09445271338848452,0.0005334406357738144,0.00015328481626931015,3.480061814058598,0.0034625557221667855,1549.567155253846,3074.9427241491676,0.037988087427598245,759141.5358231927,6.0293236393272545e-05,2.8533668311000784
0.0946147937835678,0.0005347952052488746,0.0001535974353575809,3.481797752702382,0.003459208784703684,1546.792110738074,3075.3060233975443,0.03800517545819339,759650.8635095938,6.0280167731874965e-05,2.854117166984767
0.0947768741786511,0.0005361493677762895,0.00015390996052700576,3.483526120989514,0.003455786931787413,1544.0178999173256,3075.671366193066,0.03802182527096004,760171.3410494318,6.0267487955654246e-05,2.8548468475859936
0.09493895457373441,0.0005375031330331221,0.0001542223940109397,3.485246980376887,0.0034522903932638327,1541.2445029666455,3076.03871255331,0.03803803685622113,760703.0528126345,6.025519170813083e-05,2.855555973838254
0.0951010349688177,0.0005388565107049566,0.0001545347380447045,3.4869603917086516,0.0034487194015533178,1538.4719000436198,3076.408023257998,0.03805381020429108,761246.0831684675,6.024327372991284e-05,2.8562446448842183
0.095263115363901,0.0005402095104857021,0.00015484699486554302,3.488666415223477,0.0034450741916279564,1535.700071288781,3076.7792598547967,0.038069145305475977,761800.5164525043,6.023172886103379e-05,2.856912958023555
0.09542519575898431,0.0005415621420773913,0.00015515916671257312,3.4903651105616986,0.0034413550009889673,1532.928996826018,3077.152384664806,0.038084042150073785,762366.4369342132,6.0220552043248255e-05,2.857561008662654
0.0955872761540676,0.0005429144151899822,0.00015547125582674164,3.4920565367723677,0.0034375620696445045,1530.1586567629843,3077.527360787723,0.03809850072837455,762943.9287851397,6.020973832228371e-05,2.8581888902652763
0.0957493565491509,0.0005441655738151303,0.00015576602207112683,3.4934805844027403,0.0034344163393949757,1527.7096152886743,3077.9041521066943,0.038112621796386616,763533.0760477238,6.019928285004778e-05,2.8588009540963313
0.09591143694423421,0.0005454164186741422,0.0001560607143938975,3.4948988974733917,0.0034311981360147814,1525.261187986113,3078.28272329284,0.03812630455338868,764133.9626047368,6.0189180886790067e-05,2.8593930253414896
0.0960735173393175,0.0005466669587741286,0.00015635533491708054,3.496311520576134,0.003427907669895342,1522.813357224612,3078.663039809459,0.03813954899037363,764746.6721493449,6.0179427803217006e-05,2.859965191541049
0.0962355977344008,0.0005479172031287874,0.00015664988576425464,3.497718497882331,0.0034245451538282693,1520.3661053605897,3079.045067915903,0.038152355098327775,765371.2881558163,6.01700190825593e-05,2.8605175381055417
0.0963976781294841,0.0005491671607582143,0.00015694436906050588,3.4991198731475164,0.003421110802985962,1517.9194147379403,3079.428774671128,0.038164722868231,766007.8938508744,6.016095032259049e-05,2.861050148271427
0.0965597585245674,0.0005504168406887134,0.000157238786932383,3.5005156897159715,0.003417604834902577,1515.473267688406,3079.814127936911,0.03817665229105702,766656.5721856862,6.015221723759603e-05,2.86156310305789
0.0967218389196507,0.000551666251952608,0.00015753314150785273,3.5019059905252283,0.003414027469455281,1513.0276465319473,3080.201096380736,0.03818814335777349,767317.4058085233,6.014381566029137e-05,2.8620564812247444
0.096883919314734,0.0005529154035880491,0.0001578274349162549,3.503290818110505,0.0034103789288458084,1510.5825335771167,3080.589649478357,0.038199196059342286,767990.4770380737,6.013574154368903e-05,2.862530359231469
0.0970459997098173,0.0005541643046388243,0.0001581216692882572,3.5046702146090922,0.00340665943758245,1508.1379111214344,3080.9797575160046,0.0382098103867196,768675.8678374174,6.012799096291252e-05,2.8629848111973986
0.09720808010490059,0.000555412964154166,0.00015841584675581018,3.506044221764672,0.0034028692224622598,1505.6937614517615,3081.371391592285,0.0382199863308562,769373.6597886874,6.012056011695725e-05,2.8634199088631065
0.0973701604999839,0.0005565623033525393,0.00015869315214119047,3.5071601757419355,0.003399821173987698,1503.6094755812262,3081.764523619719,0.038229822970533636,770083.9340683975,6.011344533039705e-05,2.863839896035393
0.0975322408950672,0.0005577114368624976,0.00015897040789935424,3.5082720377467376,0.0033967034797527116,1501.5255627193362,3082.159126325958,0.03823922119112334,770806.7714234504,6.010664305503533e-05,2.8642406620522856
0.09769432129015049,0.0005588603730290071,0.00015924761604372295,3.509379838223554,0.003393516331683747,1499.4420077327907,3082.5551732546537,0.038248180984280365,771542.2521478478,6.010014987150023e-05,2.8646222714890532
0.0978564016852338,0.0005600091202013351,0.0001595247785887556,3.510483607346053,0.003390259923913479,1497.3587954804902,3082.952638765997,0.038256702341655416,772290.4560600909,6.009396249078328e-05,2.864984786400217
0.09801848208031709,0.0005611576867328699,0.00015980189754990554,3.5115833750198266,0.0033869344527661647,1495.2759108138612,3083.35149803691,0.03826478525489513,773051.46248127,6.0088077755719694e-05,2.8653282662871313
0.09818056247540038,0.0005623060809809418,0.00016007897494357736,3.512679170885099,0.0033835401167432405,1493.1933385771808,3083.7517270609023,0.03827242971564216,773825.3502138784,6.0082492642411e-05,2.8656527680668185
0.09834264287048369,0.0005634543113066437,0.0001603560127870832,3.5137710243193974,0.0033800771165093577,1491.111063607905,3084.153302647592,0.03827963571553542,774612.1975213202,6.007720426158797e-05,2.8659583460421385
0.09850472326556699,0.0005646023860746488,0.00016063301309859928,3.5148589644401818,0.0033765456548787015,1489.0290707369945,3084.5562024218816,0.038286403246210236,775412.082108154,6.0072209859913854e-05,2.866245051873284
0.09866680366065028,0.0005657503136530317,0.00016090997789712231,3.5159430201074526,0.0033729459368017464,1486.9473447892435,3084.960404822793,0.03829273229929853,776225.0811010385,6.006750682122684e-05,2.8665129345505984
0.09882888405573359,0.0005668981024130859,0.00016118690920242582,3.5170232199263127,0.0033692781693522755,1484.8658705836076,3085.365889101979,0.038298622866429016,777051.2710304266,6.006309266772176e-05,2.8667620403687666
0.09899096445081688,0.0005680457607291424,0.00016146380903501605,3.5180995922495084,0.003365542561714843,1482.7846329335348,3085.772635321881,0.03830407493922736,777890.7278129818,6.0058965061069307e-05,2.8669924129023703
0.09915304484590018,0.0005690925227309275,0.00016172358918784192,3.5189209291535493,0.0033624239595360767,1481.0051690521886,3086.180624353557,0.03830918928356383,778743.5267347362,6.005512180347312e-05,2.8672083285335215
0.09931512524098349,0.0005701391810295146,0.0001619833436041273,3.519739550647154,0.003359238222125824,1479.2258814631562,3086.5898378741745,0.03831386510682736,779609.742435,6.0051560838663865e-05,2.8674055881909597
0.09947720563606678,0.0005711857432711345,0.0001622430741814755,3.520555476113821,0.0033559855299183316,1477.4467571680752,3087.0002583641713,0.03831810240137171,780489.4488910193,6.0048280252829534e-05,2.867584227352529
0.09963928603115008,0.000572232217104124,0.00016250278281801245,3.521368724774204,0.0033526660654059266,1475.667783165004,3087.4118691040812,0.03832190115954856,781382.7194033909,6.004527827548178e-05,2.867744278692313
0.09980136642623338,0.0005732786101787583,0.0001627624714123451,3.5221793156876124,0.0033492800131292477,1473.8889464487045,3087.8246541710264,0.03832526137370762,782289.6265822407,6.004255328025766e-05,2.867885772063194
0.09996344682131668,0.0005743249301470839,0.00016302214186352012,3.5229872677534857,0.0033458275596677956,1472.1102340109283,3088.2385984348866,0.038328183036196846,783210.2423341805,6.0040103785656455e-05,2.8680087344808354
0.10012552721639997,0.0005753711846627515,0.00016328179607098218,3.5237925997128614,0.0033423088936308893,1470.3316328406995,3088.65368755414,0.03833066613936259,784144.6378500329,6.0037928455710935e-05,2.8681131901091064
0.10028760761148328,0.0005764173813808485,0.00016354143593453252,3.5245953301498156,0.0033387242056489618,1468.5531299246004,3089.069907971377,0.03833271067554977,785092.8835933383,6.0036026100593196e-05,2.86819916024696
0.10044968800656658,0.0005774635279577307,0.0001638010633542872,3.5253954774928915,0.003335073688365205,1466.7747122470566,3089.4872469084935,0.038334316637102,786055.0492896597,6.003439567715384e-05,2.868266663316765
0.10061176840164987,0.0005785096320508549,0.00016406068023063552,3.52619306001651,0.0033313575364275778,1464.996366790622,3089.9056923615685,0.038335484016361866,787031.2039166752,6.003303628939537e-05,2.8683157148540865
0.10077384879673318,0.0005795557013186112,0.0001643202884641984,3.5269880958423645,0.0033275759464811818,1463.218080536264,3090.325233095418,0.03833621280567096,788021.4156950753,6.003194718887852e-05,2.868346327498955
